"candidate","party","variable","first_rating","last_rating","n"
"Obama","Democrat","abo01",2008-01-02,2008-11-03,34606
"Clinton","Democrat","abc01",2008-01-02,2008-11-03,34389
"Edwards","Democrat","abe01",2008-01-02,2008-01-29,3897
"McCain","Republican","aam01",2008-01-02,2008-11-03,34496
"Romney","Republican","aar01",2008-01-02,2008-02-06,4801
"Huckabee","Republican","aah01",2008-01-02,2008-03-04,8696
"Giuliani","Republican","aag01",2008-01-02,2008-01-29,3957
"Thompson","Republican","aat01",2008-01-02,2008-01-21,2384
"Paul","Republican","aau01",2008-01-03,2008-01-10,769
