"candidate","party","week","group","eligible","n","estimate","se","lower","upper"
"Obama","Democrat",-308,"Own-party respondents",502,467,67.2805139186297,1.15605990137965,65.0087779261377,69.5522499111217
"Obama","Democrat",-308,"Opposing-party respondents",488,459,46.4270152505446,1.24555570350204,43.9793026185068,48.8747278825823
"Obama","Democrat",-301,"Own-party respondents",502,484,68.4297520661157,1.20493578576064,66.062188632944,70.7973154992875
"Obama","Democrat",-301,"Opposing-party respondents",456,439,44.0091116173121,1.24729966709743,41.5576752479649,46.4605479866594
"Obama","Democrat",-294,"Own-party respondents",517,493,68.235294117647,1.19221721624338,65.8928288838069,70.5777593514871
"Obama","Democrat",-294,"Opposing-party respondents",471,456,43.7280701754386,1.27230869954629,41.2277400250067,46.2284003258705
"Obama","Democrat",-287,"Own-party respondents",595,568,67.5880281690142,1.10858700359732,65.4105896028542,69.7654667351741
"Obama","Democrat",-287,"Opposing-party respondents",488,460,43.0869565217391,1.23419538112682,40.6615827077539,45.5123303357244
"Obama","Democrat",-280,"Own-party respondents",626,597,70.5360134003352,1.14125071459948,68.2946514763512,72.7773753243193
"Obama","Democrat",-280,"Opposing-party respondents",468,446,45.2466367713007,1.25966384813752,42.7710078047524,47.722265737849
"Obama","Democrat",-273,"Own-party respondents",588,568,70.6338028169016,1.08819971704219,68.4964080757734,72.7711975580298
"Obama","Democrat",-273,"Opposing-party respondents",567,538,44.460966542751,1.17797568019892,42.1469612163359,46.7749718691661
"Obama","Democrat",-266,"Own-party respondents",688,667,70.2548725637184,1.07406000320842,68.1459210280461,72.3638240993906
"Obama","Democrat",-266,"Opposing-party respondents",497,477,43.6268343815515,1.2581772355105,41.154566153318,46.0991026097849
"Obama","Democrat",-259,"Own-party respondents",580,560,69.3035714285715,1.16467458217741,67.0158980377894,71.5912448193536
"Obama","Democrat",-259,"Opposing-party respondents",498,480,42.0208333333333,1.19792319065725,39.6669994851471,44.3746671815196
"Obama","Democrat",-252,"Own-party respondents",670,651,70.2918586789556,1.03106028198894,68.2672477556511,72.3164696022601
"Obama","Democrat",-252,"Opposing-party respondents",515,499,41.2424849699401,1.25633445701041,38.7741156866067,43.7108542532735
"Obama","Democrat",-245,"Own-party respondents",556,539,69.8886827458249,1.19830220077625,67.53475805986,72.2426074317898
"Obama","Democrat",-245,"Opposing-party respondents",453,437,43.1121281464531,1.25348276328645,40.6485082390548,45.5757480538513
"Obama","Democrat",-238,"Own-party respondents",436,420,68.6904761904763,1.32333683420905,66.0892699387017,71.2916824422508
"Obama","Democrat",-238,"Opposing-party respondents",344,331,41.4501510574019,1.50346399588775,38.492568746432,44.4077333683717
"Obama","Democrat",-231,"Own-party respondents",373,361,68.8642659279778,1.48044176708144,65.9528654784906,71.7756663774651
"Obama","Democrat",-231,"Opposing-party respondents",260,253,38.4584980237154,1.70020284875537,35.1100805077171,41.8069155397137
"Obama","Democrat",-224,"Own-party respondents",327,321,67.4143302180686,1.60240368415325,64.2617532399134,70.5669071962237
"Obama","Democrat",-224,"Opposing-party respondents",243,239,39.5815899581589,1.67063123917656,36.2904772743254,42.8727026419925
"Obama","Democrat",-217,"Own-party respondents",345,341,69.0909090909093,1.44479872246636,66.249039511162,71.9327786706566
"Obama","Democrat",-217,"Opposing-party respondents",260,254,40.7874015748032,1.69231797107754,37.4545762786537,44.1202268709528
"Obama","Democrat",-210,"Own-party respondents",356,348,69.7126436781608,1.50680345747014,66.7490264698101,72.6762608865114
"Obama","Democrat",-210,"Opposing-party respondents",317,309,38.4466019417476,1.518509515401,35.4586368353207,41.4345670481744
"Obama","Democrat",-203,"Own-party respondents",340,329,70.6079027355622,1.52413558533933,67.6095884211785,73.6062170499459
"Obama","Democrat",-203,"Opposing-party respondents",290,284,36.7605633802817,1.78826070633673,33.2405833315442,40.2805434290192
"Obama","Democrat",-196,"Own-party respondents",414,409,67.041564792176,1.38807348755272,64.3128963597495,69.7702332246025
"Obama","Democrat",-196,"Opposing-party respondents",310,303,34.6864686468646,1.56439387711557,31.6079758000928,37.7649614936365
"Obama","Democrat",-189,"Own-party respondents",388,376,68.4308510638298,1.43802021639105,65.6032573009008,71.2584448267588
"Obama","Democrat",-189,"Opposing-party respondents",303,299,35.685618729097,1.65392088388332,32.4307743644279,38.9404630937662
"Obama","Democrat",-182,"Own-party respondents",329,320,68.625,1.60754429727818,65.4622717163319,71.7877282836681
"Obama","Democrat",-182,"Opposing-party respondents",296,291,38.5223367697593,1.63525780063778,35.3038585116248,41.7408150278939
"Obama","Democrat",-175,"Own-party respondents",363,354,70.1977401129942,1.56199583038908,67.1257519658266,73.2697282601619
"Obama","Democrat",-175,"Opposing-party respondents",337,327,36.51376146789,1.57257434670721,33.420087029274,39.6074359065059
"Obama","Democrat",-168,"Own-party respondents",384,377,67.7188328912468,1.52031179757248,64.7294540974405,70.708211685053
"Obama","Democrat",-168,"Opposing-party respondents",268,265,34.8679245283019,1.76774826389583,31.387244995727,38.3486040608768
"Obama","Democrat",-161,"Own-party respondents",369,362,68.9779005524861,1.4640826225611,66.0986984973909,71.8571026075814
"Obama","Democrat",-161,"Opposing-party respondents",306,304,34.3421052631579,1.55827545475003,31.2756932723652,37.4085172539506
"Obama","Democrat",-154,"Own-party respondents",317,311,71.2861736334404,1.55887643597128,68.2188567607338,74.353490506147
"Obama","Democrat",-154,"Opposing-party respondents",232,226,35.2212389380531,1.84896228065956,31.5777415577533,38.8647363183529
"Obama","Democrat",-147,"Own-party respondents",165,162,72.1604938271605,2.22518631821568,67.7661778802928,76.5548097740282
"Obama","Democrat",-147,"Opposing-party respondents",147,139,35.4676258992806,2.36891342698535,30.7835649893456,40.1516868092155
"Obama","Democrat",-140,"Own-party respondents",146,142,75.8450704225353,2.07067937959077,71.7514791541567,79.9386616909139
"Obama","Democrat",-140,"Opposing-party respondents",119,113,38.4070796460177,2.82374786723629,32.8121852095586,44.0019740824768
"Obama","Democrat",-133,"Own-party respondents",128,126,72.3809523809524,2.46480900816108,67.5027894477758,77.2591153141289
"Obama","Democrat",-133,"Opposing-party respondents",114,113,36.1061946902655,2.53120108954817,31.0909441936505,41.1214451868804
"Obama","Democrat",-126,"Own-party respondents",128,123,69.2682926829268,2.55075293848887,64.2188224758448,74.3177628900088
"Obama","Democrat",-126,"Opposing-party respondents",100,98,33.469387755102,2.82419158092422,27.8641492426963,39.0746262675078
"Obama","Democrat",-119,"Own-party respondents",131,130,73.1538461538462,2.24613791745767,68.709807272916,77.5978850347764
"Obama","Democrat",-119,"Opposing-party respondents",97,89,34.9438202247191,2.92100453701303,29.1389375131873,40.748702936251
"Obama","Democrat",-112,"Own-party respondents",128,127,76.6141732283464,2.00680155943467,72.6427719381963,80.5855745184966
"Obama","Democrat",-112,"Opposing-party respondents",115,113,40.6194690265487,2.50878099425373,35.648641074837,45.5902969782604
"Obama","Democrat",-105,"Own-party respondents",134,133,70.1503759398497,2.41035436900161,65.3824567539009,74.9182951257985
"Obama","Democrat",-105,"Opposing-party respondents",103,101,34.9504950495049,2.74898275470547,29.4965915592569,40.404398539753
"Obama","Democrat",-98,"Own-party respondents",296,292,73.2191780821917,1.49287080396595,70.2809850748166,76.1573710895669
"Obama","Democrat",-98,"Opposing-party respondents",234,230,32.5652173913043,1.81227656283888,28.9943488207822,36.1360859618264
"Obama","Democrat",-91,"Own-party respondents",529,517,73.9845261121858,1.0880036552152,71.847064563999,76.1219876603727
"Obama","Democrat",-91,"Opposing-party respondents",433,424,36.3207547169811,1.27259536356079,33.8193565428056,38.8221528911566
"Obama","Democrat",-84,"Own-party respondents",541,532,73.007518796992,1.13136804943008,70.7850123742681,75.2300252197159
"Obama","Democrat",-84,"Opposing-party respondents",415,406,34.3103448275862,1.36675165063382,31.6235315522802,36.9971581028923
"Obama","Democrat",-77,"Own-party respondents",633,615,74.8455284552844,1.04652038093753,72.7903349812426,76.9007219293262
"Obama","Democrat",-77,"Opposing-party respondents",532,522,34.080459770115,1.1600896285601,31.8014315550565,36.3594879851735
"Obama","Democrat",-70,"Own-party respondents",677,668,77.9640718562874,0.94016456137459,76.1180333875806,79.8101103249942
"Obama","Democrat",-70,"Opposing-party respondents",498,488,35.2663934426229,1.27107634419123,32.7689227726162,37.7638641126296
"Obama","Democrat",-63,"Own-party respondents",672,660,78.606060606061,0.929428703553748,76.781062010284,80.431059201838
"Obama","Democrat",-63,"Opposing-party respondents",577,573,33.717277486911,1.12006139055866,31.5173425620511,35.9172124117709
"Obama","Democrat",-56,"Own-party respondents",654,638,78.9655172413796,0.91857496551583,77.1617161000458,80.7693183827134
"Obama","Democrat",-56,"Opposing-party respondents",513,504,32.1428571428572,1.18915007081994,29.8065442190306,34.4791700666837
"Obama","Democrat",-49,"Own-party respondents",620,616,77.3376623376622,1.00236464988351,75.3691897604778,79.3061349148467
"Obama","Democrat",-49,"Opposing-party respondents",454,450,32.8888888888888,1.30262416591151,30.3288918082196,35.4488859695581
"Obama","Democrat",-42,"Own-party respondents",600,592,77.2128378378379,1.04613747539011,75.158238405592,79.2674372700838
"Obama","Democrat",-42,"Opposing-party respondents",509,503,35.924453280318,1.21888800986032,33.5297029775276,38.3192035831083
"Obama","Democrat",-35,"Own-party respondents",606,598,78.0267558528428,1.03071213273348,76.0024933263462,80.0510183793394
"Obama","Democrat",-35,"Opposing-party respondents",439,432,33.125,1.31727172162971,30.5359244027816,35.7140755972184
"Obama","Democrat",-28,"Own-party respondents",479,476,79.9579831932773,1.04180456099814,77.9108676793938,82.0050987071608
"Obama","Democrat",-28,"Opposing-party respondents",399,395,32.9113924050634,1.3588151390504,30.239957491649,35.5828273184778
"Obama","Democrat",-21,"Own-party respondents",589,583,81.0120068610637,0.89781159677345,79.248661433017,82.7753522891103
"Obama","Democrat",-21,"Opposing-party respondents",455,453,32.8476821192053,1.29508590628964,30.3025453453285,35.3928188930822
"Obama","Democrat",-14,"Own-party respondents",579,575,81.3391304347826,0.965499180251467,79.4427882411778,83.2354726283875
"Obama","Democrat",-14,"Opposing-party respondents",512,503,32.8827037773359,1.31662586835854,30.295927821377,35.4694797332947
"Obama","Democrat",-7,"Own-party respondents",587,578,81.1937716262975,1.03531331594671,79.1603294480008,83.2272138045943
"Obama","Democrat",-7,"Opposing-party respondents",479,475,28.4421052631578,1.28512762002633,25.9168534410837,30.9673570852319
"Clinton","Democrat",-308,"Own-party respondents",502,489,72.0449897750512,1.14701571599429,69.7912907762038,74.2986887738987
"Clinton","Democrat",-308,"Opposing-party respondents",488,482,28.4439834024896,1.33877223202501,25.8134189141811,31.074547890798
"Clinton","Democrat",-301,"Own-party respondents",502,494,72.6518218623483,1.10324329265379,70.4841832006307,74.819460524066
"Clinton","Democrat",-301,"Opposing-party respondents",456,449,28.9977728285078,1.33117919518669,26.3816418663737,31.6139037906418
"Clinton","Democrat",-294,"Own-party respondents",517,506,74.4861660079052,1.06882918053933,72.3862665614131,76.5860654543973
"Clinton","Democrat",-294,"Opposing-party respondents",471,468,27.948717948718,1.32383989421506,25.3472974133929,30.5501384840431
"Clinton","Democrat",-287,"Own-party respondents",595,586,72.5597269624572,1.02613155813997,70.5443764567122,74.5750774682023
"Clinton","Democrat",-287,"Opposing-party respondents",488,479,25.553235908142,1.24171838838717,23.1133346824668,27.9931371338171
"Clinton","Democrat",-280,"Own-party respondents",626,619,71.7770597738287,1.01466629724248,69.7844479402865,73.7696716073709
"Clinton","Democrat",-280,"Opposing-party respondents",468,459,25.2941176470588,1.24229565121147,22.8528115299206,27.7354237641969
"Clinton","Democrat",-273,"Own-party respondents",588,578,74.6712802768164,1.01942351923251,72.6690469918522,76.6735135617806
"Clinton","Democrat",-273,"Opposing-party respondents",567,560,26.8392857142857,1.14765054020822,24.5850512328886,29.0935201956828
"Clinton","Democrat",-266,"Own-party respondents",688,679,72.4300441826215,0.952755527858618,70.5593381838792,74.3007501813639
"Clinton","Democrat",-266,"Opposing-party respondents",497,495,27.4141414141415,1.2720714890875,24.914803668489,29.9134791597939
"Clinton","Democrat",-259,"Own-party respondents",580,573,72.4083769633507,1.03790844112798,70.3698002855979,74.4469536411036
"Clinton","Democrat",-259,"Opposing-party respondents",498,495,26.7676767676768,1.18681582701609,24.4358474490849,29.0995060862687
"Clinton","Democrat",-252,"Own-party respondents",670,659,71.7905918057662,0.966059837211137,69.8936600996975,73.687523511835
"Clinton","Democrat",-252,"Opposing-party respondents",515,510,27.5686274509803,1.21178055102938,25.1879203028859,29.9493345990748
"Clinton","Democrat",-245,"Own-party respondents",556,548,72.2627737226279,1.11039783940143,70.0816077990658,74.4439396461901
"Clinton","Democrat",-245,"Opposing-party respondents",453,450,33.6888888888888,1.36538398250111,31.0055523589316,36.372225418846
"Clinton","Democrat",-238,"Own-party respondents",436,429,69.8368298368297,1.1684677840389,67.5401805666662,72.1334791069933
"Clinton","Democrat",-238,"Opposing-party respondents",344,337,29.9703264094956,1.47664362522964,27.0656954761608,32.8749573428304
"Clinton","Democrat",-231,"Own-party respondents",373,370,68.4864864864865,1.2870238250216,65.9556652254006,71.0173077475725
"Clinton","Democrat",-231,"Opposing-party respondents",260,259,29.7683397683398,1.69766789098659,26.4252898040442,33.1113897326353
"Clinton","Democrat",-224,"Own-party respondents",327,322,68.3850931677018,1.40058978739361,65.6295984409571,71.1405878944466
"Clinton","Democrat",-224,"Opposing-party respondents",243,242,29.2148760330579,1.72105148583769,25.8246520714828,32.605099994633
"Clinton","Democrat",-217,"Own-party respondents",345,342,71.4035087719299,1.24417083594045,68.9562930061258,73.8507245377339
"Clinton","Democrat",-217,"Opposing-party respondents",260,259,30.0772200772201,1.68444820986835,26.7602023273081,33.394237827132
"Clinton","Democrat",-210,"Own-party respondents",356,352,70.5681818181817,1.2662002641545,68.0778880693851,73.0584755669783
"Clinton","Democrat",-210,"Opposing-party respondents",317,313,28.1469648562301,1.4408024736265,25.312046955695,30.9818827567652
"Clinton","Democrat",-203,"Own-party respondents",340,337,67.3887240356086,1.41370788721912,64.6078908069564,70.1695572642608
"Clinton","Democrat",-203,"Opposing-party respondents",290,287,29.4773519163763,1.60111010040237,26.3258977048516,32.628806127901
"Clinton","Democrat",-196,"Own-party respondents",414,407,68.9189189189193,1.26905973370709,66.4241706105035,71.4136672273352
"Clinton","Democrat",-196,"Opposing-party respondents",310,301,28.9036544850499,1.50649463676034,25.9390191529205,31.8682898171792
"Clinton","Democrat",-189,"Own-party respondents",388,382,67.4607329842934,1.36615577484829,64.7745839633392,70.1468820052477
"Clinton","Democrat",-189,"Opposing-party respondents",303,302,26.3907284768212,1.4501685652257,23.5369757909053,29.2444811627371
"Clinton","Democrat",-182,"Own-party respondents",329,326,67.760736196319,1.52767558994085,64.7553551671854,70.7661172254526
"Clinton","Democrat",-182,"Opposing-party respondents",296,295,30.7457627118645,1.48335603257443,27.8264205991475,33.6651048245814
"Clinton","Democrat",-175,"Own-party respondents",363,359,67.2701949860725,1.39616458236352,64.5244802400276,70.0159097321173
"Clinton","Democrat",-175,"Opposing-party respondents",337,333,31.7117117117117,1.43646364528617,28.8859937173668,34.5374297060566
"Clinton","Democrat",-168,"Own-party respondents",384,382,69.4240837696338,1.27034784184823,66.9263132558496,71.9218542834179
"Clinton","Democrat",-168,"Opposing-party respondents",268,266,30.827067669173,1.5927291042779,27.6910536948488,33.9630816434972
"Clinton","Democrat",-161,"Own-party respondents",369,364,67.967032967033,1.31847633095287,65.3742220481133,70.5598438859527
"Clinton","Democrat",-161,"Opposing-party respondents",306,305,31.672131147541,1.53773085738767,28.6461872254503,34.6980750696316
"Clinton","Democrat",-154,"Own-party respondents",317,315,69.6507936507935,1.4752416604558,66.748185317644,72.5534019839431
"Clinton","Democrat",-154,"Opposing-party respondents",232,228,34.6491228070175,1.81380743184328,31.0750705607497,38.2231750532854
"Clinton","Democrat",-147,"Own-party respondents",165,164,70.2439024390243,1.9609215623212,66.3718184422811,74.1159864357676
"Clinton","Democrat",-147,"Opposing-party respondents",147,144,32.8472222222222,2.33562823051977,28.2304041216892,37.4640403227552
"Clinton","Democrat",-140,"Own-party respondents",146,145,71.5172413793103,1.9825170600812,67.5986475907704,75.4358351678503
"Clinton","Democrat",-140,"Opposing-party respondents",119,117,32.3931623931624,2.4054461387813,27.6288732231773,37.1574515631474
"Clinton","Democrat",-133,"Own-party respondents",128,124,67.258064516129,2.45424617369766,62.4000346971697,72.1160943350884
"Clinton","Democrat",-133,"Opposing-party respondents",114,114,33.5964912280702,2.45792790985346,28.7268927282114,38.466089727929
"Clinton","Democrat",-126,"Own-party respondents",128,124,69.4354838709678,2.2738736050434,64.9344904921323,73.9364772498032
"Clinton","Democrat",-126,"Opposing-party respondents",100,99,28.7878787878788,2.34286738142594,24.1385347192095,33.4372228565481
"Clinton","Democrat",-119,"Own-party respondents",131,130,71.1538461538461,2.08534259331176,67.027944759854,75.2797475478383
"Clinton","Democrat",-119,"Opposing-party respondents",97,95,31.3684210526316,2.8965381751549,25.6172766056,37.1195654996632
"Clinton","Democrat",-112,"Own-party respondents",128,128,72.34375,2.09718471946068,68.1937999092509,76.4937000907491
"Clinton","Democrat",-112,"Opposing-party respondents",115,114,35.7894736842105,2.5924745594884,30.6533140046699,40.9256333637511
"Clinton","Democrat",-105,"Own-party respondents",134,133,70.6015037593986,2.14999032594177,66.3486103855051,74.854397133292
"Clinton","Democrat",-105,"Opposing-party respondents",103,102,30.6862745098039,2.62249799009424,25.4839439416652,35.8886050779426
"Clinton","Democrat",-98,"Own-party respondents",296,293,69.1467576791809,1.45243716652582,66.2881849994051,72.0053303589568
"Clinton","Democrat",-98,"Opposing-party respondents",234,232,29.5689655172413,1.62867332906348,26.3600121846579,32.7779188498248
"Clinton","Democrat",-91,"Own-party respondents",529,523,71.2045889101338,1.01262173160496,69.2152743374844,73.1939034827832
"Clinton","Democrat",-91,"Opposing-party respondents",433,430,32.9302325581394,1.29195547559615,30.3908822843774,35.4695828319015
"Clinton","Democrat",-84,"Own-party respondents",541,536,71.6044776119403,1.03472312059855,69.5718592213575,73.637096002523
"Clinton","Democrat",-84,"Opposing-party respondents",415,413,32.953995157385,1.27496837558941,30.4477406217422,35.4602496930278
"Clinton","Democrat",-77,"Own-party respondents",633,624,68.8301282051282,0.980903277199779,66.9038508638048,70.7564055464517
"Clinton","Democrat",-77,"Opposing-party respondents",532,527,31.7836812144212,1.15551358688569,29.5136930012903,34.0536694275522
"Clinton","Democrat",-70,"Own-party respondents",677,673,75.3491827637445,0.874601199476007,73.6319029511153,77.0664625763737
"Clinton","Democrat",-70,"Opposing-party respondents",498,495,34.4848484848486,1.18062376530891,32.1651851912647,36.8045117784325
"Clinton","Democrat",-63,"Own-party respondents",672,668,74.8203592814369,0.857314581288263,73.1369989827596,76.5037195801143
"Clinton","Democrat",-63,"Opposing-party respondents",577,575,34.8521739130435,1.08139074944477,32.728208457773,36.9761393683139
"Clinton","Democrat",-56,"Own-party respondents",654,644,73.6180124223601,0.923906194408572,71.8037745992123,75.4322502455078
"Clinton","Democrat",-56,"Opposing-party respondents",513,505,35.6831683168315,1.2128323175912,33.3003384893308,38.0659981443322
"Clinton","Democrat",-49,"Own-party respondents",620,618,74.6601941747571,0.97594047524379,72.7436264029841,76.57676194653
"Clinton","Democrat",-49,"Opposing-party respondents",454,449,34.8106904231625,1.3016472099555,32.2525978838162,37.3687829625088
"Clinton","Democrat",-42,"Own-party respondents",600,595,73.9159663865546,0.934997664700148,72.079663025906,75.7522697472033
"Clinton","Democrat",-42,"Opposing-party respondents",509,502,35.0199203187252,1.20790452062031,32.64673783886,37.3931027985904
"Clinton","Democrat",-35,"Own-party respondents",606,601,72.9617304492517,0.951293190813022,71.0934613777392,74.8299995207641
"Clinton","Democrat",-35,"Opposing-party respondents",439,434,34.7695852534562,1.27570151090144,32.262247823594,37.2769226833184
"Clinton","Democrat",-28,"Own-party respondents",479,84,75.595238095238,2.54253088385536,70.5382464273965,80.6522297630795
"Clinton","Democrat",-28,"Opposing-party respondents",399,56,34.2857142857143,3.28175933629706,27.7089216077977,40.8625069636309
"Clinton","Democrat",-21,"Own-party respondents",589,588,76.4625850340135,0.88811660629191,74.7183119972652,78.2068580707618
"Clinton","Democrat",-21,"Opposing-party respondents",455,455,36.5054945054944,1.28810462202267,33.9741074732035,39.0368815377853
"Clinton","Democrat",-14,"Own-party respondents",579,578,74.6366782006918,0.996196286089997,72.6800651495541,76.5932912518296
"Clinton","Democrat",-14,"Opposing-party respondents",512,509,37.9371316306483,1.24801094505754,35.4852334588808,40.3890298024157
"Clinton","Democrat",-7,"Own-party respondents",587,580,76.1034482758621,0.909183607781569,74.3177483873997,77.8891481643246
"Clinton","Democrat",-7,"Opposing-party respondents",479,477,37.5890985324948,1.14202780365744,35.3450593184202,39.8331377465693
"Edwards","Democrat",-308,"Own-party respondents",502,464,65.625,0.969239868924262,63.7203458875952,67.5296541124048
"Edwards","Democrat",-308,"Opposing-party respondents",488,450,42.1333333333334,1.24613135567847,39.6843593958393,44.5823072708275
"Edwards","Democrat",-301,"Own-party respondents",502,469,62.4093816631131,1.02360696136049,60.3979470497801,64.4208162764462
"Edwards","Democrat",-301,"Opposing-party respondents",456,431,39.1647331786542,1.20185135686258,36.802498913906,41.5269674434025
"Edwards","Democrat",-294,"Own-party respondents",517,479,62.0668058455115,1.03073771474723,60.0414688310312,64.0921428599918
"Edwards","Democrat",-294,"Opposing-party respondents",471,440,39.6818181818182,1.17384049349555,37.374772656599,41.9888637070375
"Edwards","Democrat",-287,"Own-party respondents",595,561,62.8342245989304,0.928761190041544,61.0099433266591,64.6585058712017
"Edwards","Democrat",-287,"Opposing-party respondents",488,456,38.2675438596491,1.19911637597704,35.911050636109,40.6240370831893
"Edwards","Democrat",-280,"Own-party respondents",626,82,61.8292682926829,2.58040264908227,56.695076432792,66.9634601525739
"Edwards","Democrat",-280,"Opposing-party respondents",468,65,35.0769230769231,2.98331157088798,29.1170730836911,41.0367730701551
"Edwards","Democrat",-273,"Own-party respondents",588,0,,,,
"Edwards","Democrat",-273,"Opposing-party respondents",567,0,,,,
"Edwards","Democrat",-266,"Own-party respondents",688,0,,,,
"Edwards","Democrat",-266,"Opposing-party respondents",497,0,,,,
"Edwards","Democrat",-259,"Own-party respondents",580,0,,,,
"Edwards","Democrat",-259,"Opposing-party respondents",498,0,,,,
"Edwards","Democrat",-252,"Own-party respondents",670,0,,,,
"Edwards","Democrat",-252,"Opposing-party respondents",515,0,,,,
"Edwards","Democrat",-245,"Own-party respondents",556,0,,,,
"Edwards","Democrat",-245,"Opposing-party respondents",453,0,,,,
"Edwards","Democrat",-238,"Own-party respondents",436,0,,,,
"Edwards","Democrat",-238,"Opposing-party respondents",344,0,,,,
"Edwards","Democrat",-231,"Own-party respondents",373,0,,,,
"Edwards","Democrat",-231,"Opposing-party respondents",260,0,,,,
"Edwards","Democrat",-224,"Own-party respondents",327,0,,,,
"Edwards","Democrat",-224,"Opposing-party respondents",243,0,,,,
"Edwards","Democrat",-217,"Own-party respondents",345,0,,,,
"Edwards","Democrat",-217,"Opposing-party respondents",260,0,,,,
"Edwards","Democrat",-210,"Own-party respondents",356,0,,,,
"Edwards","Democrat",-210,"Opposing-party respondents",317,0,,,,
"Edwards","Democrat",-203,"Own-party respondents",340,0,,,,
"Edwards","Democrat",-203,"Opposing-party respondents",290,0,,,,
"Edwards","Democrat",-196,"Own-party respondents",414,0,,,,
"Edwards","Democrat",-196,"Opposing-party respondents",310,0,,,,
"Edwards","Democrat",-189,"Own-party respondents",388,0,,,,
"Edwards","Democrat",-189,"Opposing-party respondents",303,0,,,,
"Edwards","Democrat",-182,"Own-party respondents",329,0,,,,
"Edwards","Democrat",-182,"Opposing-party respondents",296,0,,,,
"Edwards","Democrat",-175,"Own-party respondents",363,0,,,,
"Edwards","Democrat",-175,"Opposing-party respondents",337,0,,,,
"Edwards","Democrat",-168,"Own-party respondents",384,0,,,,
"Edwards","Democrat",-168,"Opposing-party respondents",268,0,,,,
"Edwards","Democrat",-161,"Own-party respondents",369,0,,,,
"Edwards","Democrat",-161,"Opposing-party respondents",306,0,,,,
"Edwards","Democrat",-154,"Own-party respondents",317,0,,,,
"Edwards","Democrat",-154,"Opposing-party respondents",232,0,,,,
"Edwards","Democrat",-147,"Own-party respondents",165,0,,,,
"Edwards","Democrat",-147,"Opposing-party respondents",147,0,,,,
"Edwards","Democrat",-140,"Own-party respondents",146,0,,,,
"Edwards","Democrat",-140,"Opposing-party respondents",119,0,,,,
"Edwards","Democrat",-133,"Own-party respondents",128,0,,,,
"Edwards","Democrat",-133,"Opposing-party respondents",114,0,,,,
"Edwards","Democrat",-126,"Own-party respondents",128,0,,,,
"Edwards","Democrat",-126,"Opposing-party respondents",100,0,,,,
"Edwards","Democrat",-119,"Own-party respondents",131,0,,,,
"Edwards","Democrat",-119,"Opposing-party respondents",97,0,,,,
"Edwards","Democrat",-112,"Own-party respondents",128,0,,,,
"Edwards","Democrat",-112,"Opposing-party respondents",115,0,,,,
"Edwards","Democrat",-105,"Own-party respondents",134,0,,,,
"Edwards","Democrat",-105,"Opposing-party respondents",103,0,,,,
"Edwards","Democrat",-98,"Own-party respondents",296,0,,,,
"Edwards","Democrat",-98,"Opposing-party respondents",234,0,,,,
"Edwards","Democrat",-91,"Own-party respondents",529,0,,,,
"Edwards","Democrat",-91,"Opposing-party respondents",433,0,,,,
"Edwards","Democrat",-84,"Own-party respondents",541,0,,,,
"Edwards","Democrat",-84,"Opposing-party respondents",415,0,,,,
"Edwards","Democrat",-77,"Own-party respondents",633,0,,,,
"Edwards","Democrat",-77,"Opposing-party respondents",532,0,,,,
"Edwards","Democrat",-70,"Own-party respondents",677,0,,,,
"Edwards","Democrat",-70,"Opposing-party respondents",498,0,,,,
"Edwards","Democrat",-63,"Own-party respondents",672,0,,,,
"Edwards","Democrat",-63,"Opposing-party respondents",577,0,,,,
"Edwards","Democrat",-56,"Own-party respondents",654,0,,,,
"Edwards","Democrat",-56,"Opposing-party respondents",513,0,,,,
"Edwards","Democrat",-49,"Own-party respondents",620,0,,,,
"Edwards","Democrat",-49,"Opposing-party respondents",454,0,,,,
"Edwards","Democrat",-42,"Own-party respondents",600,0,,,,
"Edwards","Democrat",-42,"Opposing-party respondents",509,0,,,,
"Edwards","Democrat",-35,"Own-party respondents",606,0,,,,
"Edwards","Democrat",-35,"Opposing-party respondents",439,0,,,,
"Edwards","Democrat",-28,"Own-party respondents",479,0,,,,
"Edwards","Democrat",-28,"Opposing-party respondents",399,0,,,,
"Edwards","Democrat",-21,"Own-party respondents",589,0,,,,
"Edwards","Democrat",-21,"Opposing-party respondents",455,0,,,,
"Edwards","Democrat",-14,"Own-party respondents",579,0,,,,
"Edwards","Democrat",-14,"Opposing-party respondents",512,0,,,,
"Edwards","Democrat",-7,"Own-party respondents",587,0,,,,
"Edwards","Democrat",-7,"Opposing-party respondents",479,0,,,,
"McCain","Republican",-308,"Own-party respondents",488,462,61.9913419913417,0.942935108086162,60.1383583190014,63.844325663682
"McCain","Republican",-308,"Opposing-party respondents",502,451,52.6385809312638,1.09007954326823,50.4963024743198,54.7808593882078
"McCain","Republican",-301,"Own-party respondents",456,436,66.6972477064224,0.953534074559934,64.8231409143032,68.5713544985415
"McCain","Republican",-301,"Opposing-party respondents",502,470,52.3617021276593,1.14596885459333,50.1098332323375,54.6135710229811
"McCain","Republican",-294,"Own-party respondents",471,453,64.5695364238411,1.06637870797492,62.4738610316797,66.6652118160025
"McCain","Republican",-294,"Opposing-party respondents",517,490,51.7755102040818,1.03878162277131,49.7344839409587,53.8165364672048
"McCain","Republican",-287,"Own-party respondents",488,461,64.5336225596526,1.06610854169026,62.4385759251635,66.6286691941417
"McCain","Republican",-287,"Opposing-party respondents",595,555,51.855855855856,1.0334573901306,49.8258817268951,53.8858299848169
"McCain","Republican",-280,"Own-party respondents",468,450,65.0000000000002,1.09406624356598,62.8498737679816,67.1501262320188
"McCain","Republican",-280,"Opposing-party respondents",626,589,51.0865874363329,1.00801304306007,49.1068431310346,53.0663317416312
"McCain","Republican",-273,"Own-party respondents",567,552,65.8876811594202,0.94282247253025,64.0357150691139,67.7396472497265
"McCain","Republican",-273,"Opposing-party respondents",588,554,49.9638989169678,1.05964725516177,47.8824729669033,52.0453248670323
"McCain","Republican",-266,"Own-party respondents",497,489,65.7055214723927,0.979143175412628,63.7816646643428,67.6293782804426
"McCain","Republican",-266,"Opposing-party respondents",688,657,46.8645357686454,0.941623267555027,45.0155767314957,48.7134948057951
"McCain","Republican",-259,"Own-party respondents",498,485,66.0618556701029,0.916507107846677,64.261031527794,67.8626798124118
"McCain","Republican",-259,"Opposing-party respondents",580,558,46.6308243727601,1.062795378908,44.5432475613962,48.7184011841241
"McCain","Republican",-252,"Own-party respondents",515,506,68.3003952569171,0.898605388648039,66.5349298368163,70.0658606770179
"McCain","Republican",-252,"Opposing-party respondents",670,639,45.6651017214398,0.983441196597168,43.7339288432188,47.5962745996608
"McCain","Republican",-245,"Own-party respondents",453,440,68.840909090909,1.03096815603959,66.8146623527752,70.8671558290427
"McCain","Republican",-245,"Opposing-party respondents",556,530,42.5471698113207,1.08992428443574,40.4060587509004,44.688280871741
"McCain","Republican",-238,"Own-party respondents",344,336,69.1071428571431,1.16790525755666,66.8097907501333,71.404494964153
"McCain","Republican",-238,"Opposing-party respondents",436,414,42.9227053140096,1.24061678423374,40.4839944235547,45.3614162044646
"McCain","Republican",-231,"Own-party respondents",260,257,68.793774319066,1.36020778495312,66.1151526436515,71.4723959944806
"McCain","Republican",-231,"Opposing-party respondents",373,357,47.142857142857,1.35888974135537,44.4703966395269,49.8153176461871
"McCain","Republican",-224,"Own-party respondents",243,239,69.623430962343,1.29956399600098,67.0633138937789,72.183548030907
"McCain","Republican",-224,"Opposing-party respondents",327,319,43.2601880877743,1.50316728361846,40.3027786876584,46.2175974878902
"McCain","Republican",-217,"Own-party respondents",260,256,67.4609375,1.17449411157397,65.1479938318509,69.7738811681491
"McCain","Republican",-217,"Opposing-party respondents",345,330,46.5757575757576,1.36074319797982,43.8989026268185,49.2526125246967
"McCain","Republican",-210,"Own-party respondents",317,310,69.3548387096775,1.05229662852437,67.2842652709718,71.4254121483832
"McCain","Republican",-210,"Opposing-party respondents",356,346,42.6011560693642,1.35095261298577,39.9440161322738,45.2582960064546
"McCain","Republican",-203,"Own-party respondents",290,283,68.7985865724384,1.19409031620928,66.4481249837391,71.1490481611378
"McCain","Republican",-203,"Opposing-party respondents",340,327,43.822629969419,1.44283683521008,40.9841839235901,46.6610760152478
"McCain","Republican",-196,"Own-party respondents",310,304,67.8618421052632,1.14760002385493,65.6035671237406,70.1201170867858
"McCain","Republican",-196,"Opposing-party respondents",414,398,42.7638190954775,1.32059953563527,40.1675766290258,45.3600615619292
"McCain","Republican",-189,"Own-party respondents",303,297,67.8114478114479,1.29608355135325,65.2607414785832,70.3621541443125
"McCain","Republican",-189,"Opposing-party respondents",388,377,42.2015915119364,1.31379662261213,39.6182821083772,44.7849009154956
"McCain","Republican",-182,"Own-party respondents",296,293,69.3174061433447,1.19640457340979,66.9627366909727,71.6720755957167
"McCain","Republican",-182,"Opposing-party respondents",329,312,39.5192307692307,1.46561674705481,36.6354522843974,42.4030092540641
"McCain","Republican",-175,"Own-party respondents",337,329,67.9635258358662,1.11157335398101,65.7768133604228,70.1502383113096
"McCain","Republican",-175,"Opposing-party respondents",363,344,41.3953488372094,1.40503340182571,38.6317826235252,44.1589150508936
"McCain","Republican",-168,"Own-party respondents",268,261,67.3946360153257,1.34427622933708,64.7475813593342,70.0416906713172
"McCain","Republican",-168,"Opposing-party respondents",384,372,38.736559139785,1.2912362779051,36.197499493266,41.2756187863039
"McCain","Republican",-161,"Own-party respondents",306,301,67.3089700996678,1.24568031366877,64.8575920593304,69.7603481400052
"McCain","Republican",-161,"Opposing-party respondents",369,358,40.586592178771,1.25462328472738,38.1192108773023,43.0539734802397
"McCain","Republican",-154,"Own-party respondents",232,227,69.9559471365639,1.26040605963925,67.4722965236685,72.4395977494593
"McCain","Republican",-154,"Opposing-party respondents",317,308,41.5909090909092,1.3278526873374,38.9780650905009,44.2037530913174
"McCain","Republican",-147,"Own-party respondents",147,144,68.6111111111112,1.57871400481676,65.4904794550274,71.731742767195
"McCain","Republican",-147,"Opposing-party respondents",165,160,44.6875,1.95652808871983,40.8233644346051,48.5516355653949
"McCain","Republican",-140,"Own-party respondents",119,118,68.3050847457627,1.77016776380258,64.7993602486731,71.8108092428523
"McCain","Republican",-140,"Opposing-party respondents",146,142,38.6619718309859,2.10414319188719,34.5022248983488,42.8217187636231
"McCain","Republican",-133,"Own-party respondents",114,113,67.2566371681416,1.80535001566325,63.6795675311199,70.8337068051633
"McCain","Republican",-133,"Opposing-party respondents",128,125,38.08,2.20467538390283,33.7163298490729,42.443670150927
"McCain","Republican",-126,"Own-party respondents",100,98,63.8775510204082,2.05966469678583,59.7896867412829,67.9654152995335
"McCain","Republican",-126,"Opposing-party respondents",128,122,40.0819672131148,2.16666340630206,35.7924855157715,44.371448910458
"McCain","Republican",-119,"Own-party respondents",97,91,68.7912087912087,2.04846745678169,64.7215706473604,72.8608469350571
"McCain","Republican",-119,"Opposing-party respondents",131,129,42.6356589147287,2.10986797597127,38.460924653668,46.8103931757893
"McCain","Republican",-112,"Own-party respondents",115,115,69.0434782608695,1.88524283578068,65.3088267233739,72.7781297983652
"McCain","Republican",-112,"Opposing-party respondents",128,126,38.7301587301587,2.23673267089929,34.3033871748461,43.1569302854714
"McCain","Republican",-105,"Own-party respondents",103,102,69.9019607843137,1.87191847621112,66.1885780680483,73.6153435005791
"McCain","Republican",-105,"Opposing-party respondents",134,132,43.1818181818182,2.15981366575063,38.9091915506739,47.4544448129625
"McCain","Republican",-98,"Own-party respondents",234,232,70.3879310344827,1.27019502388241,67.8852827242398,72.8905793447256
"McCain","Republican",-98,"Opposing-party respondents",296,294,40.0680272108843,1.46626146354604,37.1822876245568,42.9537667972119
"McCain","Republican",-91,"Own-party respondents",433,427,68.6651053864167,0.953963088581855,66.7900448761148,70.5401658967186
"McCain","Republican",-91,"Opposing-party respondents",529,518,40.3474903474903,1.11062835151811,38.1655908756771,42.5293898193035
"McCain","Republican",-84,"Own-party respondents",415,410,69.6585365853658,0.974210338693774,67.743452344426,71.5736208263056
"McCain","Republican",-84,"Opposing-party respondents",541,528,39.8484848484848,1.09557744795517,37.6962496531299,42.0007200438396
"McCain","Republican",-77,"Own-party respondents",532,526,71.3117870722434,0.850588759723649,69.6408115316919,72.9827626127949
"McCain","Republican",-77,"Opposing-party respondents",633,608,40.2631578947367,1.01573010187836,38.2683860183755,42.257929771098
"McCain","Republican",-70,"Own-party respondents",498,491,72.9938900203667,0.904195350903291,71.2173115045423,74.7704685361911
"McCain","Republican",-70,"Opposing-party respondents",677,661,38.2299546142209,1.01362497096315,36.2396362771658,40.220272951276
"McCain","Republican",-63,"Own-party respondents",577,575,77.2869565217391,0.770159359546347,75.7742823329044,78.7996307105738
"McCain","Republican",-63,"Opposing-party respondents",672,663,37.5565610859727,1.03508205090607,35.5241216620996,39.5890005098458
"McCain","Republican",-56,"Own-party respondents",513,504,77.9166666666667,0.759698825127928,76.4240929142736,79.4092404190598
"McCain","Republican",-56,"Opposing-party respondents",654,635,35.0236220472441,1.01097414369325,33.0383592119247,37.0088848825635
"McCain","Republican",-49,"Own-party respondents",454,449,74.9888641425389,0.980097808045072,73.0627040652047,76.9150242198731
"McCain","Republican",-49,"Opposing-party respondents",620,607,36.161449752883,1.13559016594677,33.9312797599225,38.3916197458436
"McCain","Republican",-42,"Own-party respondents",509,505,74.1188118811878,0.887408361942364,72.3753366428222,75.8622871195534
"McCain","Republican",-42,"Opposing-party respondents",600,589,37.5042444821733,1.11715070947034,35.310153075856,39.6983358884906
"McCain","Republican",-35,"Own-party respondents",439,435,73.4022988505747,0.985526375539003,71.4653009008148,75.3392968003347
"McCain","Republican",-35,"Opposing-party respondents",606,599,35.4757929883139,1.06546876903884,33.3832774281352,37.5683085484926
"McCain","Republican",-28,"Own-party respondents",399,397,73.1486146095719,0.972761593631578,71.2361919619211,75.0610372572228
"McCain","Republican",-28,"Opposing-party respondents",479,474,35.9493670886076,1.22896169653295,33.5344671902926,38.3642669869226
"McCain","Republican",-21,"Own-party respondents",455,454,74.0969162995595,0.994435940139357,72.1426363028876,76.0511962962314
"McCain","Republican",-21,"Opposing-party respondents",589,585,34.9743589743589,1.07502299469858,32.862976851954,37.0857410967638
"McCain","Republican",-14,"Own-party respondents",512,508,73.9566929133858,0.944472100358131,72.1011320041443,75.8122538226274
"McCain","Republican",-14,"Opposing-party respondents",579,574,35.3658536585366,1.10069320549636,33.2039681723149,37.5277391447583
"McCain","Republican",-7,"Own-party respondents",479,478,77.8451882845188,0.897060784443137,76.082508940061,79.6078676289765
"McCain","Republican",-7,"Opposing-party respondents",587,571,35.954465849387,1.12011692385315,33.7544054824149,38.1545262163591
"Romney","Republican",-308,"Own-party respondents",488,430,58.3953488372092,1.04122430318099,56.3488129702434,60.441884704175
"Romney","Republican",-308,"Opposing-party respondents",502,400,42.9,1.11841500809217,40.701277407424,45.098722592576
"Romney","Republican",-301,"Own-party respondents",456,415,56.7951807228915,1.0411407692524,54.7485992641214,58.8417621816616
"Romney","Republican",-301,"Opposing-party respondents",502,436,38.1192660550461,1.1390182787279,35.8806025930224,40.3579295170697
"Romney","Republican",-294,"Own-party respondents",471,439,57.9726651480638,1.03930832957417,55.9300138868696,60.015316409258
"Romney","Republican",-294,"Opposing-party respondents",517,449,40.8463251670377,1.06155594870781,38.7600775788138,42.9325727552617
"Romney","Republican",-287,"Own-party respondents",488,446,59.4394618834084,1.06559175751124,57.3452445846344,61.5336791821825
"Romney","Republican",-287,"Opposing-party respondents",595,523,38.2600382409177,1.00276285291748,36.2900916221951,40.2299848596403
"Romney","Republican",-280,"Own-party respondents",468,429,62.2377622377622,1.11885388721409,60.0386301790178,64.4368942965065
"Romney","Republican",-280,"Opposing-party respondents",626,541,39.7597042513861,1.00670165147241,37.7821729748844,41.7372355278877
"Romney","Republican",-273,"Own-party respondents",567,149,54.3624161073826,1.97554922402378,50.4584888485481,58.2663433662172
"Romney","Republican",-273,"Opposing-party respondents",588,144,40,1.97350358365937,36.098990863594,43.9010091364059
"Romney","Republican",-266,"Own-party respondents",497,0,,,,
"Romney","Republican",-266,"Opposing-party respondents",688,0,,,,
"Romney","Republican",-259,"Own-party respondents",498,0,,,,
"Romney","Republican",-259,"Opposing-party respondents",580,0,,,,
"Romney","Republican",-252,"Own-party respondents",515,0,,,,
"Romney","Republican",-252,"Opposing-party respondents",670,0,,,,
"Romney","Republican",-245,"Own-party respondents",453,0,,,,
"Romney","Republican",-245,"Opposing-party respondents",556,0,,,,
"Romney","Republican",-238,"Own-party respondents",344,0,,,,
"Romney","Republican",-238,"Opposing-party respondents",436,0,,,,
"Romney","Republican",-231,"Own-party respondents",260,0,,,,
"Romney","Republican",-231,"Opposing-party respondents",373,0,,,,
"Romney","Republican",-224,"Own-party respondents",243,0,,,,
"Romney","Republican",-224,"Opposing-party respondents",327,0,,,,
"Romney","Republican",-217,"Own-party respondents",260,0,,,,
"Romney","Republican",-217,"Opposing-party respondents",345,0,,,,
"Romney","Republican",-210,"Own-party respondents",317,0,,,,
"Romney","Republican",-210,"Opposing-party respondents",356,0,,,,
"Romney","Republican",-203,"Own-party respondents",290,0,,,,
"Romney","Republican",-203,"Opposing-party respondents",340,0,,,,
"Romney","Republican",-196,"Own-party respondents",310,0,,,,
"Romney","Republican",-196,"Opposing-party respondents",414,0,,,,
"Romney","Republican",-189,"Own-party respondents",303,0,,,,
"Romney","Republican",-189,"Opposing-party respondents",388,0,,,,
"Romney","Republican",-182,"Own-party respondents",296,0,,,,
"Romney","Republican",-182,"Opposing-party respondents",329,0,,,,
"Romney","Republican",-175,"Own-party respondents",337,0,,,,
"Romney","Republican",-175,"Opposing-party respondents",363,0,,,,
"Romney","Republican",-168,"Own-party respondents",268,0,,,,
"Romney","Republican",-168,"Opposing-party respondents",384,0,,,,
"Romney","Republican",-161,"Own-party respondents",306,0,,,,
"Romney","Republican",-161,"Opposing-party respondents",369,0,,,,
"Romney","Republican",-154,"Own-party respondents",232,0,,,,
"Romney","Republican",-154,"Opposing-party respondents",317,0,,,,
"Romney","Republican",-147,"Own-party respondents",147,0,,,,
"Romney","Republican",-147,"Opposing-party respondents",165,0,,,,
"Romney","Republican",-140,"Own-party respondents",119,0,,,,
"Romney","Republican",-140,"Opposing-party respondents",146,0,,,,
"Romney","Republican",-133,"Own-party respondents",114,0,,,,
"Romney","Republican",-133,"Opposing-party respondents",128,0,,,,
"Romney","Republican",-126,"Own-party respondents",100,0,,,,
"Romney","Republican",-126,"Opposing-party respondents",128,0,,,,
"Romney","Republican",-119,"Own-party respondents",97,0,,,,
"Romney","Republican",-119,"Opposing-party respondents",131,0,,,,
"Romney","Republican",-112,"Own-party respondents",115,0,,,,
"Romney","Republican",-112,"Opposing-party respondents",128,0,,,,
"Romney","Republican",-105,"Own-party respondents",103,0,,,,
"Romney","Republican",-105,"Opposing-party respondents",134,0,,,,
"Romney","Republican",-98,"Own-party respondents",234,0,,,,
"Romney","Republican",-98,"Opposing-party respondents",296,0,,,,
"Romney","Republican",-91,"Own-party respondents",433,0,,,,
"Romney","Republican",-91,"Opposing-party respondents",529,0,,,,
"Romney","Republican",-84,"Own-party respondents",415,0,,,,
"Romney","Republican",-84,"Opposing-party respondents",541,0,,,,
"Romney","Republican",-77,"Own-party respondents",532,0,,,,
"Romney","Republican",-77,"Opposing-party respondents",633,0,,,,
"Romney","Republican",-70,"Own-party respondents",498,0,,,,
"Romney","Republican",-70,"Opposing-party respondents",677,0,,,,
"Romney","Republican",-63,"Own-party respondents",577,0,,,,
"Romney","Republican",-63,"Opposing-party respondents",672,0,,,,
"Romney","Republican",-56,"Own-party respondents",513,0,,,,
"Romney","Republican",-56,"Opposing-party respondents",654,0,,,,
"Romney","Republican",-49,"Own-party respondents",454,0,,,,
"Romney","Republican",-49,"Opposing-party respondents",620,0,,,,
"Romney","Republican",-42,"Own-party respondents",509,0,,,,
"Romney","Republican",-42,"Opposing-party respondents",600,0,,,,
"Romney","Republican",-35,"Own-party respondents",439,0,,,,
"Romney","Republican",-35,"Opposing-party respondents",606,0,,,,
"Romney","Republican",-28,"Own-party respondents",399,0,,,,
"Romney","Republican",-28,"Opposing-party respondents",479,0,,,,
"Romney","Republican",-21,"Own-party respondents",455,0,,,,
"Romney","Republican",-21,"Opposing-party respondents",589,0,,,,
"Romney","Republican",-14,"Own-party respondents",512,0,,,,
"Romney","Republican",-14,"Opposing-party respondents",579,0,,,,
"Romney","Republican",-7,"Own-party respondents",479,0,,,,
"Romney","Republican",-7,"Opposing-party respondents",587,0,,,,
"Huckabee","Republican",-308,"Own-party respondents",488,419,60.2625298329356,1.07572381456367,58.1480274394573,62.3770322264139
"Huckabee","Republican",-308,"Opposing-party respondents",502,410,42.6829268292682,1.2004351996927,40.3231340392602,45.0427196192763
"Huckabee","Republican",-301,"Own-party respondents",456,416,59.9038461538461,1.13090217233438,57.6808354573839,62.1268568503083
"Huckabee","Republican",-301,"Opposing-party respondents",502,423,41.8912529550827,1.1855303266568,39.5609729283455,44.22153298182
"Huckabee","Republican",-294,"Own-party respondents",471,430,58.8604651162789,1.13476776474743,56.6300687222096,61.0908615103482
"Huckabee","Republican",-294,"Opposing-party respondents",517,433,41.0161662817553,1.21723345922833,38.6237298152426,43.4086027482679
"Huckabee","Republican",-287,"Own-party respondents",488,430,58.1860465116278,1.08755113714202,56.0484548298731,60.3236381933825
"Huckabee","Republican",-287,"Opposing-party respondents",595,517,40.4448742746615,1.05938566548389,38.3636348286191,42.5261137207038
"Huckabee","Republican",-280,"Own-party respondents",468,411,57.2749391727493,1.11300791161594,55.0870251278113,59.4628532176872
"Huckabee","Republican",-280,"Opposing-party respondents",626,532,41.9360902255637,1.07310654738914,39.8280351191456,44.0441453319819
"Huckabee","Republican",-273,"Own-party respondents",567,522,60.0574712643678,0.932523696038084,58.2255026283588,61.8894399003768
"Huckabee","Republican",-273,"Opposing-party respondents",588,515,42.0582524271846,1.05211245759488,39.9912828136841,44.1252220406851
"Huckabee","Republican",-266,"Own-party respondents",497,455,60.7692307692306,1.08109207637672,58.6446654070201,62.893796131441
"Huckabee","Republican",-266,"Opposing-party respondents",688,612,42.0915032679741,0.997846053513628,40.1318791441677,44.0511273917804
"Huckabee","Republican",-259,"Own-party respondents",498,459,59.2374727668844,1.03508744358672,57.2033633297815,61.2715822039873
"Huckabee","Republican",-259,"Opposing-party respondents",580,528,41.8560606060605,1.05410572595136,39.7852955978432,43.9268256142779
"Huckabee","Republican",-252,"Own-party respondents",515,469,59.8081023454159,1.09355597700577,57.659214709049,61.9569899817828
"Huckabee","Republican",-252,"Opposing-party respondents",670,586,39.9829351535835,1.00565744456392,38.0077963680831,41.9580739390839
"Huckabee","Republican",-245,"Own-party respondents",453,60,60.6666666666667,3.06120860392768,54.5412023988434,66.79213093449
"Huckabee","Republican",-245,"Opposing-party respondents",556,69,44.3478260869565,3.09330782807795,38.1752264206782,50.5204257532348
"Huckabee","Republican",-238,"Own-party respondents",344,0,,,,
"Huckabee","Republican",-238,"Opposing-party respondents",436,0,,,,
"Huckabee","Republican",-231,"Own-party respondents",260,0,,,,
"Huckabee","Republican",-231,"Opposing-party respondents",373,0,,,,
"Huckabee","Republican",-224,"Own-party respondents",243,0,,,,
"Huckabee","Republican",-224,"Opposing-party respondents",327,0,,,,
"Huckabee","Republican",-217,"Own-party respondents",260,0,,,,
"Huckabee","Republican",-217,"Opposing-party respondents",345,0,,,,
"Huckabee","Republican",-210,"Own-party respondents",317,0,,,,
"Huckabee","Republican",-210,"Opposing-party respondents",356,0,,,,
"Huckabee","Republican",-203,"Own-party respondents",290,0,,,,
"Huckabee","Republican",-203,"Opposing-party respondents",340,0,,,,
"Huckabee","Republican",-196,"Own-party respondents",310,0,,,,
"Huckabee","Republican",-196,"Opposing-party respondents",414,0,,,,
"Huckabee","Republican",-189,"Own-party respondents",303,0,,,,
"Huckabee","Republican",-189,"Opposing-party respondents",388,0,,,,
"Huckabee","Republican",-182,"Own-party respondents",296,0,,,,
"Huckabee","Republican",-182,"Opposing-party respondents",329,0,,,,
"Huckabee","Republican",-175,"Own-party respondents",337,0,,,,
"Huckabee","Republican",-175,"Opposing-party respondents",363,0,,,,
"Huckabee","Republican",-168,"Own-party respondents",268,0,,,,
"Huckabee","Republican",-168,"Opposing-party respondents",384,0,,,,
"Huckabee","Republican",-161,"Own-party respondents",306,0,,,,
"Huckabee","Republican",-161,"Opposing-party respondents",369,0,,,,
"Huckabee","Republican",-154,"Own-party respondents",232,0,,,,
"Huckabee","Republican",-154,"Opposing-party respondents",317,0,,,,
"Huckabee","Republican",-147,"Own-party respondents",147,0,,,,
"Huckabee","Republican",-147,"Opposing-party respondents",165,0,,,,
"Huckabee","Republican",-140,"Own-party respondents",119,0,,,,
"Huckabee","Republican",-140,"Opposing-party respondents",146,0,,,,
"Huckabee","Republican",-133,"Own-party respondents",114,0,,,,
"Huckabee","Republican",-133,"Opposing-party respondents",128,0,,,,
"Huckabee","Republican",-126,"Own-party respondents",100,0,,,,
"Huckabee","Republican",-126,"Opposing-party respondents",128,0,,,,
"Huckabee","Republican",-119,"Own-party respondents",97,0,,,,
"Huckabee","Republican",-119,"Opposing-party respondents",131,0,,,,
"Huckabee","Republican",-112,"Own-party respondents",115,0,,,,
"Huckabee","Republican",-112,"Opposing-party respondents",128,0,,,,
"Huckabee","Republican",-105,"Own-party respondents",103,0,,,,
"Huckabee","Republican",-105,"Opposing-party respondents",134,0,,,,
"Huckabee","Republican",-98,"Own-party respondents",234,0,,,,
"Huckabee","Republican",-98,"Opposing-party respondents",296,0,,,,
"Huckabee","Republican",-91,"Own-party respondents",433,0,,,,
"Huckabee","Republican",-91,"Opposing-party respondents",529,0,,,,
"Huckabee","Republican",-84,"Own-party respondents",415,0,,,,
"Huckabee","Republican",-84,"Opposing-party respondents",541,0,,,,
"Huckabee","Republican",-77,"Own-party respondents",532,0,,,,
"Huckabee","Republican",-77,"Opposing-party respondents",633,0,,,,
"Huckabee","Republican",-70,"Own-party respondents",498,0,,,,
"Huckabee","Republican",-70,"Opposing-party respondents",677,0,,,,
"Huckabee","Republican",-63,"Own-party respondents",577,0,,,,
"Huckabee","Republican",-63,"Opposing-party respondents",672,0,,,,
"Huckabee","Republican",-56,"Own-party respondents",513,0,,,,
"Huckabee","Republican",-56,"Opposing-party respondents",654,0,,,,
"Huckabee","Republican",-49,"Own-party respondents",454,0,,,,
"Huckabee","Republican",-49,"Opposing-party respondents",620,0,,,,
"Huckabee","Republican",-42,"Own-party respondents",509,0,,,,
"Huckabee","Republican",-42,"Opposing-party respondents",600,0,,,,
"Huckabee","Republican",-35,"Own-party respondents",439,0,,,,
"Huckabee","Republican",-35,"Opposing-party respondents",606,0,,,,
"Huckabee","Republican",-28,"Own-party respondents",399,0,,,,
"Huckabee","Republican",-28,"Opposing-party respondents",479,0,,,,
"Huckabee","Republican",-21,"Own-party respondents",455,0,,,,
"Huckabee","Republican",-21,"Opposing-party respondents",589,0,,,,
"Huckabee","Republican",-14,"Own-party respondents",512,0,,,,
"Huckabee","Republican",-14,"Opposing-party respondents",579,0,,,,
"Huckabee","Republican",-7,"Own-party respondents",479,0,,,,
"Huckabee","Republican",-7,"Opposing-party respondents",587,0,,,,
"Giuliani","Republican",-308,"Own-party respondents",488,467,59.4860813704497,1.04109673796972,57.4402557791552,61.5319069617442
"Giuliani","Republican",-308,"Opposing-party respondents",502,460,41.6956521739131,1.2533508961217,39.232634980952,44.1586693668741
"Giuliani","Republican",-301,"Own-party respondents",456,436,57.4082568807343,1.11400953444326,55.2187464157316,59.597767345737
"Giuliani","Republican",-301,"Opposing-party respondents",502,472,37.9872881355932,1.20198251773584,35.6253763800151,40.3491998911714
"Giuliani","Republican",-294,"Own-party respondents",471,461,53.1236442516266,1.08816728778359,50.9852492150221,55.2620392882311
"Giuliani","Republican",-294,"Opposing-party respondents",517,484,36.5909090909092,1.12691346284454,34.3766507557271,38.8051674260913
"Giuliani","Republican",-287,"Own-party respondents",488,466,56.1587982832617,1.08357709393743,54.0294839922323,58.2881125742912
"Giuliani","Republican",-287,"Opposing-party respondents",595,562,36.7793594306049,1.03244208328678,34.7514350234691,38.8072838377407
"Giuliani","Republican",-280,"Own-party respondents",468,66,55.9090909090909,2.82329035444707,50.2705907158272,61.5475911023547
"Giuliani","Republican",-280,"Opposing-party respondents",626,83,33.1325301204819,2.82680440109505,27.5091156679882,38.7559445729757
"Giuliani","Republican",-273,"Own-party respondents",567,0,,,,
"Giuliani","Republican",-273,"Opposing-party respondents",588,0,,,,
"Giuliani","Republican",-266,"Own-party respondents",497,0,,,,
"Giuliani","Republican",-266,"Opposing-party respondents",688,0,,,,
"Giuliani","Republican",-259,"Own-party respondents",498,0,,,,
"Giuliani","Republican",-259,"Opposing-party respondents",580,0,,,,
"Giuliani","Republican",-252,"Own-party respondents",515,0,,,,
"Giuliani","Republican",-252,"Opposing-party respondents",670,0,,,,
"Giuliani","Republican",-245,"Own-party respondents",453,0,,,,
"Giuliani","Republican",-245,"Opposing-party respondents",556,0,,,,
"Giuliani","Republican",-238,"Own-party respondents",344,0,,,,
"Giuliani","Republican",-238,"Opposing-party respondents",436,0,,,,
"Giuliani","Republican",-231,"Own-party respondents",260,0,,,,
"Giuliani","Republican",-231,"Opposing-party respondents",373,0,,,,
"Giuliani","Republican",-224,"Own-party respondents",243,0,,,,
"Giuliani","Republican",-224,"Opposing-party respondents",327,0,,,,
"Giuliani","Republican",-217,"Own-party respondents",260,0,,,,
"Giuliani","Republican",-217,"Opposing-party respondents",345,0,,,,
"Giuliani","Republican",-210,"Own-party respondents",317,0,,,,
"Giuliani","Republican",-210,"Opposing-party respondents",356,0,,,,
"Giuliani","Republican",-203,"Own-party respondents",290,0,,,,
"Giuliani","Republican",-203,"Opposing-party respondents",340,0,,,,
"Giuliani","Republican",-196,"Own-party respondents",310,0,,,,
"Giuliani","Republican",-196,"Opposing-party respondents",414,0,,,,
"Giuliani","Republican",-189,"Own-party respondents",303,0,,,,
"Giuliani","Republican",-189,"Opposing-party respondents",388,0,,,,
"Giuliani","Republican",-182,"Own-party respondents",296,0,,,,
"Giuliani","Republican",-182,"Opposing-party respondents",329,0,,,,
"Giuliani","Republican",-175,"Own-party respondents",337,0,,,,
"Giuliani","Republican",-175,"Opposing-party respondents",363,0,,,,
"Giuliani","Republican",-168,"Own-party respondents",268,0,,,,
"Giuliani","Republican",-168,"Opposing-party respondents",384,0,,,,
"Giuliani","Republican",-161,"Own-party respondents",306,0,,,,
"Giuliani","Republican",-161,"Opposing-party respondents",369,0,,,,
"Giuliani","Republican",-154,"Own-party respondents",232,0,,,,
"Giuliani","Republican",-154,"Opposing-party respondents",317,0,,,,
"Giuliani","Republican",-147,"Own-party respondents",147,0,,,,
"Giuliani","Republican",-147,"Opposing-party respondents",165,0,,,,
"Giuliani","Republican",-140,"Own-party respondents",119,0,,,,
"Giuliani","Republican",-140,"Opposing-party respondents",146,0,,,,
"Giuliani","Republican",-133,"Own-party respondents",114,0,,,,
"Giuliani","Republican",-133,"Opposing-party respondents",128,0,,,,
"Giuliani","Republican",-126,"Own-party respondents",100,0,,,,
"Giuliani","Republican",-126,"Opposing-party respondents",128,0,,,,
"Giuliani","Republican",-119,"Own-party respondents",97,0,,,,
"Giuliani","Republican",-119,"Opposing-party respondents",131,0,,,,
"Giuliani","Republican",-112,"Own-party respondents",115,0,,,,
"Giuliani","Republican",-112,"Opposing-party respondents",128,0,,,,
"Giuliani","Republican",-105,"Own-party respondents",103,0,,,,
"Giuliani","Republican",-105,"Opposing-party respondents",134,0,,,,
"Giuliani","Republican",-98,"Own-party respondents",234,0,,,,
"Giuliani","Republican",-98,"Opposing-party respondents",296,0,,,,
"Giuliani","Republican",-91,"Own-party respondents",433,0,,,,
"Giuliani","Republican",-91,"Opposing-party respondents",529,0,,,,
"Giuliani","Republican",-84,"Own-party respondents",415,0,,,,
"Giuliani","Republican",-84,"Opposing-party respondents",541,0,,,,
"Giuliani","Republican",-77,"Own-party respondents",532,0,,,,
"Giuliani","Republican",-77,"Opposing-party respondents",633,0,,,,
"Giuliani","Republican",-70,"Own-party respondents",498,0,,,,
"Giuliani","Republican",-70,"Opposing-party respondents",677,0,,,,
"Giuliani","Republican",-63,"Own-party respondents",577,0,,,,
"Giuliani","Republican",-63,"Opposing-party respondents",672,0,,,,
"Giuliani","Republican",-56,"Own-party respondents",513,0,,,,
"Giuliani","Republican",-56,"Opposing-party respondents",654,0,,,,
"Giuliani","Republican",-49,"Own-party respondents",454,0,,,,
"Giuliani","Republican",-49,"Opposing-party respondents",620,0,,,,
"Giuliani","Republican",-42,"Own-party respondents",509,0,,,,
"Giuliani","Republican",-42,"Opposing-party respondents",600,0,,,,
"Giuliani","Republican",-35,"Own-party respondents",439,0,,,,
"Giuliani","Republican",-35,"Opposing-party respondents",606,0,,,,
"Giuliani","Republican",-28,"Own-party respondents",399,0,,,,
"Giuliani","Republican",-28,"Opposing-party respondents",479,0,,,,
"Giuliani","Republican",-21,"Own-party respondents",455,0,,,,
"Giuliani","Republican",-21,"Opposing-party respondents",589,0,,,,
"Giuliani","Republican",-14,"Own-party respondents",512,0,,,,
"Giuliani","Republican",-14,"Opposing-party respondents",579,0,,,,
"Giuliani","Republican",-7,"Own-party respondents",479,0,,,,
"Giuliani","Republican",-7,"Opposing-party respondents",587,0,,,,
"Thompson","Republican",-308,"Own-party respondents",488,393,56.1832061068704,1.10842700928332,54.0040008011128,58.3624114126279
"Thompson","Republican",-308,"Opposing-party respondents",502,382,37.3036649214662,1.18890462772632,34.9660288622622,39.6413009806701
"Thompson","Republican",-301,"Own-party respondents",456,394,54.6954314720811,1.11067651846733,52.511820761632,56.8790421825303
"Thompson","Republican",-301,"Opposing-party respondents",502,395,35.2911392405064,1.18581844553444,32.9598163803671,37.6224621006456
"Thompson","Republican",-294,"Own-party respondents",471,407,51.4250614250617,1.23632781229584,48.9946583191631,53.8554645309602
"Thompson","Republican",-294,"Opposing-party respondents",517,413,34.3583535108959,1.14211226936656,32.1132593500388,36.603447671753
"Thompson","Republican",-287,"Own-party respondents",488,0,,,,
"Thompson","Republican",-287,"Opposing-party respondents",595,0,,,,
"Thompson","Republican",-280,"Own-party respondents",468,0,,,,
"Thompson","Republican",-280,"Opposing-party respondents",626,0,,,,
"Thompson","Republican",-273,"Own-party respondents",567,0,,,,
"Thompson","Republican",-273,"Opposing-party respondents",588,0,,,,
"Thompson","Republican",-266,"Own-party respondents",497,0,,,,
"Thompson","Republican",-266,"Opposing-party respondents",688,0,,,,
"Thompson","Republican",-259,"Own-party respondents",498,0,,,,
"Thompson","Republican",-259,"Opposing-party respondents",580,0,,,,
"Thompson","Republican",-252,"Own-party respondents",515,0,,,,
"Thompson","Republican",-252,"Opposing-party respondents",670,0,,,,
"Thompson","Republican",-245,"Own-party respondents",453,0,,,,
"Thompson","Republican",-245,"Opposing-party respondents",556,0,,,,
"Thompson","Republican",-238,"Own-party respondents",344,0,,,,
"Thompson","Republican",-238,"Opposing-party respondents",436,0,,,,
"Thompson","Republican",-231,"Own-party respondents",260,0,,,,
"Thompson","Republican",-231,"Opposing-party respondents",373,0,,,,
"Thompson","Republican",-224,"Own-party respondents",243,0,,,,
"Thompson","Republican",-224,"Opposing-party respondents",327,0,,,,
"Thompson","Republican",-217,"Own-party respondents",260,0,,,,
"Thompson","Republican",-217,"Opposing-party respondents",345,0,,,,
"Thompson","Republican",-210,"Own-party respondents",317,0,,,,
"Thompson","Republican",-210,"Opposing-party respondents",356,0,,,,
"Thompson","Republican",-203,"Own-party respondents",290,0,,,,
"Thompson","Republican",-203,"Opposing-party respondents",340,0,,,,
"Thompson","Republican",-196,"Own-party respondents",310,0,,,,
"Thompson","Republican",-196,"Opposing-party respondents",414,0,,,,
"Thompson","Republican",-189,"Own-party respondents",303,0,,,,
"Thompson","Republican",-189,"Opposing-party respondents",388,0,,,,
"Thompson","Republican",-182,"Own-party respondents",296,0,,,,
"Thompson","Republican",-182,"Opposing-party respondents",329,0,,,,
"Thompson","Republican",-175,"Own-party respondents",337,0,,,,
"Thompson","Republican",-175,"Opposing-party respondents",363,0,,,,
"Thompson","Republican",-168,"Own-party respondents",268,0,,,,
"Thompson","Republican",-168,"Opposing-party respondents",384,0,,,,
"Thompson","Republican",-161,"Own-party respondents",306,0,,,,
"Thompson","Republican",-161,"Opposing-party respondents",369,0,,,,
"Thompson","Republican",-154,"Own-party respondents",232,0,,,,
"Thompson","Republican",-154,"Opposing-party respondents",317,0,,,,
"Thompson","Republican",-147,"Own-party respondents",147,0,,,,
"Thompson","Republican",-147,"Opposing-party respondents",165,0,,,,
"Thompson","Republican",-140,"Own-party respondents",119,0,,,,
"Thompson","Republican",-140,"Opposing-party respondents",146,0,,,,
"Thompson","Republican",-133,"Own-party respondents",114,0,,,,
"Thompson","Republican",-133,"Opposing-party respondents",128,0,,,,
"Thompson","Republican",-126,"Own-party respondents",100,0,,,,
"Thompson","Republican",-126,"Opposing-party respondents",128,0,,,,
"Thompson","Republican",-119,"Own-party respondents",97,0,,,,
"Thompson","Republican",-119,"Opposing-party respondents",131,0,,,,
"Thompson","Republican",-112,"Own-party respondents",115,0,,,,
"Thompson","Republican",-112,"Opposing-party respondents",128,0,,,,
"Thompson","Republican",-105,"Own-party respondents",103,0,,,,
"Thompson","Republican",-105,"Opposing-party respondents",134,0,,,,
"Thompson","Republican",-98,"Own-party respondents",234,0,,,,
"Thompson","Republican",-98,"Opposing-party respondents",296,0,,,,
"Thompson","Republican",-91,"Own-party respondents",433,0,,,,
"Thompson","Republican",-91,"Opposing-party respondents",529,0,,,,
"Thompson","Republican",-84,"Own-party respondents",415,0,,,,
"Thompson","Republican",-84,"Opposing-party respondents",541,0,,,,
"Thompson","Republican",-77,"Own-party respondents",532,0,,,,
"Thompson","Republican",-77,"Opposing-party respondents",633,0,,,,
"Thompson","Republican",-70,"Own-party respondents",498,0,,,,
"Thompson","Republican",-70,"Opposing-party respondents",677,0,,,,
"Thompson","Republican",-63,"Own-party respondents",577,0,,,,
"Thompson","Republican",-63,"Opposing-party respondents",672,0,,,,
"Thompson","Republican",-56,"Own-party respondents",513,0,,,,
"Thompson","Republican",-56,"Opposing-party respondents",654,0,,,,
"Thompson","Republican",-49,"Own-party respondents",454,0,,,,
"Thompson","Republican",-49,"Opposing-party respondents",620,0,,,,
"Thompson","Republican",-42,"Own-party respondents",509,0,,,,
"Thompson","Republican",-42,"Opposing-party respondents",600,0,,,,
"Thompson","Republican",-35,"Own-party respondents",439,0,,,,
"Thompson","Republican",-35,"Opposing-party respondents",606,0,,,,
"Thompson","Republican",-28,"Own-party respondents",399,0,,,,
"Thompson","Republican",-28,"Opposing-party respondents",479,0,,,,
"Thompson","Republican",-21,"Own-party respondents",455,0,,,,
"Thompson","Republican",-21,"Opposing-party respondents",589,0,,,,
"Thompson","Republican",-14,"Own-party respondents",512,0,,,,
"Thompson","Republican",-14,"Opposing-party respondents",579,0,,,,
"Thompson","Republican",-7,"Own-party respondents",479,0,,,,
"Thompson","Republican",-7,"Opposing-party respondents",587,0,,,,
"Paul","Republican",-308,"Own-party respondents",488,255,42.1568627450979,1.48125921029401,39.2397485628784,45.0739769273175
"Paul","Republican",-308,"Opposing-party respondents",502,241,41.4107883817426,1.50219026323819,38.4516273347545,44.3699494287308
"Paul","Republican",-301,"Own-party respondents",456,139,40.3597122302158,1.94387432669984,36.5160826387756,44.203341821656
"Paul","Republican",-301,"Opposing-party respondents",502,134,37.6865671641791,2.02363483829296,33.6838958412153,41.6892384871429
"Paul","Republican",-294,"Own-party respondents",471,0,,,,
"Paul","Republican",-294,"Opposing-party respondents",517,0,,,,
"Paul","Republican",-287,"Own-party respondents",488,0,,,,
"Paul","Republican",-287,"Opposing-party respondents",595,0,,,,
"Paul","Republican",-280,"Own-party respondents",468,0,,,,
"Paul","Republican",-280,"Opposing-party respondents",626,0,,,,
"Paul","Republican",-273,"Own-party respondents",567,0,,,,
"Paul","Republican",-273,"Opposing-party respondents",588,0,,,,
"Paul","Republican",-266,"Own-party respondents",497,0,,,,
"Paul","Republican",-266,"Opposing-party respondents",688,0,,,,
"Paul","Republican",-259,"Own-party respondents",498,0,,,,
"Paul","Republican",-259,"Opposing-party respondents",580,0,,,,
"Paul","Republican",-252,"Own-party respondents",515,0,,,,
"Paul","Republican",-252,"Opposing-party respondents",670,0,,,,
"Paul","Republican",-245,"Own-party respondents",453,0,,,,
"Paul","Republican",-245,"Opposing-party respondents",556,0,,,,
"Paul","Republican",-238,"Own-party respondents",344,0,,,,
"Paul","Republican",-238,"Opposing-party respondents",436,0,,,,
"Paul","Republican",-231,"Own-party respondents",260,0,,,,
"Paul","Republican",-231,"Opposing-party respondents",373,0,,,,
"Paul","Republican",-224,"Own-party respondents",243,0,,,,
"Paul","Republican",-224,"Opposing-party respondents",327,0,,,,
"Paul","Republican",-217,"Own-party respondents",260,0,,,,
"Paul","Republican",-217,"Opposing-party respondents",345,0,,,,
"Paul","Republican",-210,"Own-party respondents",317,0,,,,
"Paul","Republican",-210,"Opposing-party respondents",356,0,,,,
"Paul","Republican",-203,"Own-party respondents",290,0,,,,
"Paul","Republican",-203,"Opposing-party respondents",340,0,,,,
"Paul","Republican",-196,"Own-party respondents",310,0,,,,
"Paul","Republican",-196,"Opposing-party respondents",414,0,,,,
"Paul","Republican",-189,"Own-party respondents",303,0,,,,
"Paul","Republican",-189,"Opposing-party respondents",388,0,,,,
"Paul","Republican",-182,"Own-party respondents",296,0,,,,
"Paul","Republican",-182,"Opposing-party respondents",329,0,,,,
"Paul","Republican",-175,"Own-party respondents",337,0,,,,
"Paul","Republican",-175,"Opposing-party respondents",363,0,,,,
"Paul","Republican",-168,"Own-party respondents",268,0,,,,
"Paul","Republican",-168,"Opposing-party respondents",384,0,,,,
"Paul","Republican",-161,"Own-party respondents",306,0,,,,
"Paul","Republican",-161,"Opposing-party respondents",369,0,,,,
"Paul","Republican",-154,"Own-party respondents",232,0,,,,
"Paul","Republican",-154,"Opposing-party respondents",317,0,,,,
"Paul","Republican",-147,"Own-party respondents",147,0,,,,
"Paul","Republican",-147,"Opposing-party respondents",165,0,,,,
"Paul","Republican",-140,"Own-party respondents",119,0,,,,
"Paul","Republican",-140,"Opposing-party respondents",146,0,,,,
"Paul","Republican",-133,"Own-party respondents",114,0,,,,
"Paul","Republican",-133,"Opposing-party respondents",128,0,,,,
"Paul","Republican",-126,"Own-party respondents",100,0,,,,
"Paul","Republican",-126,"Opposing-party respondents",128,0,,,,
"Paul","Republican",-119,"Own-party respondents",97,0,,,,
"Paul","Republican",-119,"Opposing-party respondents",131,0,,,,
"Paul","Republican",-112,"Own-party respondents",115,0,,,,
"Paul","Republican",-112,"Opposing-party respondents",128,0,,,,
"Paul","Republican",-105,"Own-party respondents",103,0,,,,
"Paul","Republican",-105,"Opposing-party respondents",134,0,,,,
"Paul","Republican",-98,"Own-party respondents",234,0,,,,
"Paul","Republican",-98,"Opposing-party respondents",296,0,,,,
"Paul","Republican",-91,"Own-party respondents",433,0,,,,
"Paul","Republican",-91,"Opposing-party respondents",529,0,,,,
"Paul","Republican",-84,"Own-party respondents",415,0,,,,
"Paul","Republican",-84,"Opposing-party respondents",541,0,,,,
"Paul","Republican",-77,"Own-party respondents",532,0,,,,
"Paul","Republican",-77,"Opposing-party respondents",633,0,,,,
"Paul","Republican",-70,"Own-party respondents",498,0,,,,
"Paul","Republican",-70,"Opposing-party respondents",677,0,,,,
"Paul","Republican",-63,"Own-party respondents",577,0,,,,
"Paul","Republican",-63,"Opposing-party respondents",672,0,,,,
"Paul","Republican",-56,"Own-party respondents",513,0,,,,
"Paul","Republican",-56,"Opposing-party respondents",654,0,,,,
"Paul","Republican",-49,"Own-party respondents",454,0,,,,
"Paul","Republican",-49,"Opposing-party respondents",620,0,,,,
"Paul","Republican",-42,"Own-party respondents",509,0,,,,
"Paul","Republican",-42,"Opposing-party respondents",600,0,,,,
"Paul","Republican",-35,"Own-party respondents",439,0,,,,
"Paul","Republican",-35,"Opposing-party respondents",606,0,,,,
"Paul","Republican",-28,"Own-party respondents",399,0,,,,
"Paul","Republican",-28,"Opposing-party respondents",479,0,,,,
"Paul","Republican",-21,"Own-party respondents",455,0,,,,
"Paul","Republican",-21,"Opposing-party respondents",589,0,,,,
"Paul","Republican",-14,"Own-party respondents",512,0,,,,
"Paul","Republican",-14,"Opposing-party respondents",579,0,,,,
"Paul","Republican",-7,"Own-party respondents",479,0,,,,
"Paul","Republican",-7,"Opposing-party respondents",587,0,,,,
