"year","scheme","estimate","se","lower","upper","n","clusters","inference","early_mean","late_mean","early_n","late_n","target_n","adjusted","weighted","outcome"
2000,"weight1",5.6271986586875,1.51408456421061,2.57950450299613,8.67489281437887,4672,47,"state",39.5686900958466,45.1958887545345,2191,2481,11163,FALSE,FALSE,"gap_fav"
2000,"weight1",5.6271986586875,1.27079383309728,3.01974509178354,8.23465222559146,4672,28,"date",39.5686900958466,45.1958887545345,2191,2481,11163,FALSE,FALSE,"gap_fav"
2000,"weight1",5.6271986586875,1.2599109693029,3.15717836121472,8.09721895616028,4672,,"HC1",39.5686900958466,45.1958887545345,2191,2481,11163,FALSE,FALSE,"gap_fav"
2000,"weight1",5.91918720972731,1.77852164649851,2.33920881490752,9.4991656045471,4672,47,"state",38.3940417645881,44.3132289743152,2191,2481,11163,FALSE,TRUE,"gap_fav"
2000,"weight1",5.91918720972731,1.47891075335809,2.88471299483633,8.95366142461829,4672,28,"date",38.3940417645881,44.3132289743152,2191,2481,11163,FALSE,TRUE,"gap_fav"
2000,"weight1",5.91918720972731,1.41801107144201,3.1392160737979,8.69915834565672,4672,,"HC1",38.3940417645881,44.3132289743152,2191,2481,11163,FALSE,TRUE,"gap_fav"
2000,"weight1",5.90315708342189,0.862019135995867,4.16800255839148,7.6383116084523,4788,47,"state",25.7966410559496,31.6997981393715,2256,2532,11446,FALSE,FALSE,"gap_trait"
2000,"weight1",5.90315708342189,1.00321243132442,3.84473520231806,7.96157896452572,4788,28,"date",25.7966410559496,31.6997981393715,2256,2532,11446,FALSE,FALSE,"gap_trait"
2000,"weight1",5.90315708342189,0.945550230303271,4.04944389010143,7.75687027674235,4788,,"HC1",25.7966410559496,31.6997981393715,2256,2532,11446,FALSE,FALSE,"gap_trait"
2000,"weight1",5.57587031767241,0.95384352953088,3.65588287502193,7.4958577603229,4788,47,"state",25.093009758911,30.6688800765833,2256,2532,11446,FALSE,TRUE,"gap_trait"
2000,"weight1",5.57587031767241,1.00662657054088,3.51044320153675,7.64129743380808,4788,28,"date",25.093009758911,30.6688800765833,2256,2532,11446,FALSE,TRUE,"gap_trait"
2000,"weight1",5.57587031767241,1.05270138681619,3.51209159198585,7.63964904335898,4788,,"HC1",25.093009758911,30.6688800765833,2256,2532,11446,FALSE,TRUE,"gap_trait"
2000,"weight2",5.6271986586875,1.51408456421061,2.57950450299613,8.67489281437887,4672,47,"state",39.5686900958466,45.1958887545345,2191,2481,11163,FALSE,FALSE,"gap_fav"
2000,"weight2",5.6271986586875,1.27079383309728,3.01974509178354,8.23465222559146,4672,28,"date",39.5686900958466,45.1958887545345,2191,2481,11163,FALSE,FALSE,"gap_fav"
2000,"weight2",5.6271986586875,1.2599109693029,3.15717836121472,8.09721895616028,4672,,"HC1",39.5686900958466,45.1958887545345,2191,2481,11163,FALSE,FALSE,"gap_fav"
2000,"weight2",6.56244892527847,2.14470258030496,2.24538654039146,10.8795113101655,4672,47,"state",38.0220441584102,44.5844930836889,2191,2481,11163,FALSE,TRUE,"gap_fav"
2000,"weight2",6.56244892527847,1.63715621125467,3.20328185078089,9.92161599977605,4672,28,"date",38.0220441584102,44.5844930836889,2191,2481,11163,FALSE,TRUE,"gap_fav"
2000,"weight2",6.56244892527847,1.56656847245926,3.49123515015256,9.63366270040438,4672,,"HC1",38.0220441584102,44.5844930836889,2191,2481,11163,FALSE,TRUE,"gap_fav"
2000,"weight2",5.90315708342189,0.862019135995867,4.16800255839148,7.6383116084523,4788,47,"state",25.7966410559496,31.6997981393715,2256,2532,11446,FALSE,FALSE,"gap_trait"
2000,"weight2",5.90315708342189,1.00321243132442,3.84473520231806,7.96157896452572,4788,28,"date",25.7966410559496,31.6997981393715,2256,2532,11446,FALSE,FALSE,"gap_trait"
2000,"weight2",5.90315708342189,0.945550230303271,4.04944389010143,7.75687027674235,4788,,"HC1",25.7966410559496,31.6997981393715,2256,2532,11446,FALSE,FALSE,"gap_trait"
2000,"weight2",5.87939437798148,1.15559566532741,3.55330094911357,8.20548780684938,4788,47,"state",24.8461915821911,30.7255859601726,2256,2532,11446,FALSE,TRUE,"gap_trait"
2000,"weight2",5.87939437798148,1.22485264112665,3.36620435072634,8.39258440523661,4788,28,"date",24.8461915821911,30.7255859601726,2256,2532,11446,FALSE,TRUE,"gap_trait"
2000,"weight2",5.87939437798148,1.15973713528928,3.60577637274881,8.15301238321414,4788,,"HC1",24.8461915821911,30.7255859601726,2256,2532,11446,FALSE,TRUE,"gap_trait"
2000,"item",5.69222914653147,1.49772217326857,2.67747077555511,8.70698751750782,4767,47,"state",39.2923558337059,44.9845849802372,2237,2530,11363,FALSE,FALSE,"gap_fav"
2000,"item",5.69222914653147,1.27080666353184,3.08474925375033,8.2997090393126,4767,28,"date",39.2923558337059,44.9845849802372,2237,2530,11363,FALSE,FALSE,"gap_fav"
2000,"item",5.69222914653147,1.25154634136322,3.23862015032338,8.14583814273955,4767,,"HC1",39.2923558337059,44.9845849802372,2237,2530,11363,FALSE,FALSE,"gap_fav"
2000,"complete_traits",5.90867824902028,1.01510776715742,3.86537229208018,7.95198420596038,4435,47,"state",26.2176375404531,32.1263157894736,2060,2375,10629,FALSE,FALSE,"gap_trait"
2000,"complete_traits",5.90867824902028,1.06448185902127,3.72454188644078,8.09281461159978,4435,28,"date",26.2176375404531,32.1263157894736,2060,2375,10629,FALSE,FALSE,"gap_trait"
2000,"complete_traits",5.90867824902028,0.983413603417404,3.98069660015917,7.83665989788138,4435,,"HC1",26.2176375404531,32.1263157894736,2060,2375,10629,FALSE,FALSE,"gap_trait"
2000,"item",6.48503066003542,1.29477698958985,3.87877975610786,9.09128156396297,4690,47,"state",28.5498032092038,35.034833869239,2202,2488,11209,FALSE,FALSE,"trait_1"
2000,"item",6.48503066003542,1.0285212838077,4.37467930306929,8.59538201700154,4690,28,"date",28.5498032092038,35.034833869239,2202,2488,11209,FALSE,FALSE,"trait_1"
2000,"item",6.48503066003542,1.20238551510264,4.12778975664566,8.84227156342518,4690,,"HC1",28.5498032092038,35.034833869239,2202,2488,11209,FALSE,FALSE,"trait_1"
2000,"item",5.97090135218378,1.1861184956008,3.58336865259201,8.35843405177556,4666,47,"state",27.9938977879481,33.9647991401316,2185,2481,11167,FALSE,FALSE,"trait_2"
2000,"item",5.97090135218378,1.15798756022833,3.59490713840275,8.34689556596482,4666,28,"date",27.9938977879481,33.9647991401316,2185,2481,11167,FALSE,FALSE,"trait_2"
2000,"item",5.97090135218378,1.20359711520667,3.61128200728516,8.33052069708241,4666,,"HC1",27.9938977879481,33.9647991401316,2185,2481,11167,FALSE,FALSE,"trait_2"
2000,"item",3.84164877398321,1.22294815220151,1.37998182071014,6.30331572725627,4757,47,"state",28.9764249477768,32.8180737217598,2234,2523,11357,FALSE,FALSE,"trait_3"
2000,"item",3.84164877398321,1.19160285251448,1.39668167766903,6.28661587029738,4757,28,"date",28.9764249477768,32.8180737217598,2234,2523,11357,FALSE,FALSE,"trait_3"
2000,"item",3.84164877398321,1.1608739744627,1.56579828805407,6.11749925991234,4757,,"HC1",28.9764249477768,32.8180737217598,2234,2523,11357,FALSE,FALSE,"trait_3"
2000,"item",7.80892859475184,1.19791202377154,5.39765675420943,10.2202004352942,4790,47,"state",17.7895981087471,25.5985267034991,2256,2534,11429,FALSE,FALSE,"trait_4"
2000,"item",7.80892859475184,1.33551246910704,5.06868335549808,10.5491738340056,4790,28,"date",17.7895981087471,25.5985267034991,2256,2534,11429,FALSE,FALSE,"trait_4"
2000,"item",7.80892859475184,1.12756833673672,5.59837645871988,10.0194807307838,4790,,"HC1",17.7895981087471,25.5985267034991,2256,2534,11429,FALSE,FALSE,"trait_4"
2004,"weight1",2.88759418179809,1.13034404574332,0.614885155352972,5.1603032082432,6030,49,"state",54.1970364437325,57.0846306255307,2497,3533,12747,FALSE,FALSE,"gap_fav"
2004,"weight1",2.88759418179809,1.13936860541622,0.54980290768551,5.22538545591066,6030,28,"date",54.1970364437325,57.0846306255307,2497,3533,12747,FALSE,FALSE,"gap_fav"
2004,"weight1",2.88759418179809,1.15321150994755,0.626887228978995,5.14830113461718,6030,,"HC1",54.1970364437325,57.0846306255307,2497,3533,12747,FALSE,FALSE,"gap_fav"
2004,"weight1",2.91527988306251,1.44409984547192,0.0117225402768781,5.81883722584814,6030,49,"state",52.6269596031116,55.5422394861738,2497,3533,12747,FALSE,TRUE,"gap_fav"
2004,"weight1",2.91527988306251,1.39567536180265,0.05159058461616,5.77896918150886,6030,28,"date",52.6269596031116,55.5422394861738,2497,3533,12747,FALSE,TRUE,"gap_fav"
2004,"weight1",2.91527988306251,1.32056186328248,0.326506392511588,5.50405337361343,6030,,"HC1",52.6269596031116,55.5422394861738,2497,3533,12747,FALSE,TRUE,"gap_fav"
2004,"weight1",3.39110188874383,1.31635009404869,0.744402636447609,6.03780114104005,3950,49,"state",41.63302373581,45.0241256245538,1615,2335,8366,FALSE,FALSE,"gap_trait"
2004,"weight1",3.39110188874383,1.5420910191969,0.226992476365436,6.55521130112222,3950,28,"date",41.63302373581,45.0241256245538,1615,2335,8366,FALSE,FALSE,"gap_trait"
2004,"weight1",3.39110188874383,1.20041638844944,1.03760747822115,5.74459629926651,3950,,"HC1",41.63302373581,45.0241256245538,1615,2335,8366,FALSE,FALSE,"gap_trait"
2004,"weight1",3.14905675135416,1.74176992621658,-0.353006402081494,6.65111990478982,3950,49,"state",40.2196282231149,43.3686849744692,1615,2335,8366,FALSE,TRUE,"gap_trait"
2004,"weight1",3.14905675135416,1.74852087893023,-0.438611746737802,6.73672524944613,3950,28,"date",40.2196282231149,43.3686849744692,1615,2335,8366,FALSE,TRUE,"gap_trait"
2004,"weight1",3.14905675135416,1.36531155340808,0.472274644340075,5.82583885836826,3950,,"HC1",40.2196282231149,43.3686849744692,1615,2335,8366,FALSE,TRUE,"gap_trait"
2004,"weight2",2.88759418179809,1.13034404574332,0.614885155352972,5.1603032082432,6030,49,"state",54.1970364437325,57.0846306255307,2497,3533,12747,FALSE,FALSE,"gap_fav"
2004,"weight2",2.88759418179809,1.13936860541622,0.54980290768551,5.22538545591066,6030,28,"date",54.1970364437325,57.0846306255307,2497,3533,12747,FALSE,FALSE,"gap_fav"
2004,"weight2",2.88759418179809,1.15321150994755,0.626887228978995,5.14830113461718,6030,,"HC1",54.1970364437325,57.0846306255307,2497,3533,12747,FALSE,FALSE,"gap_fav"
2004,"weight2",2.61222987356592,1.39357399220467,-0.189738432481954,5.41419817961379,6030,49,"state",52.5553706441733,55.1676005177394,2497,3533,12747,FALSE,TRUE,"gap_fav"
2004,"weight2",2.61222987356592,1.4541428911831,-0.371424885886433,5.59588463301827,6030,28,"date",52.5553706441733,55.1676005177394,2497,3533,12747,FALSE,TRUE,"gap_fav"
2004,"weight2",2.61222987356592,1.44153218782995,-0.213688712598637,5.43814845973048,6030,,"HC1",52.5553706441733,55.1676005177394,2497,3533,12747,FALSE,TRUE,"gap_fav"
2004,"weight2",3.39110188874383,1.31635009404869,0.744402636447609,6.03780114104005,3950,49,"state",41.63302373581,45.0241256245538,1615,2335,8366,FALSE,FALSE,"gap_trait"
2004,"weight2",3.39110188874383,1.5420910191969,0.226992476365436,6.55521130112222,3950,28,"date",41.63302373581,45.0241256245538,1615,2335,8366,FALSE,FALSE,"gap_trait"
2004,"weight2",3.39110188874383,1.20041638844944,1.03760747822115,5.74459629926651,3950,,"HC1",41.63302373581,45.0241256245538,1615,2335,8366,FALSE,FALSE,"gap_trait"
2004,"weight2",2.83587190524836,1.65798686609265,-0.49773411540199,6.1694779258987,3950,49,"state",40.0796641741232,42.9155360793717,1615,2335,8366,FALSE,TRUE,"gap_trait"
2004,"weight2",2.83587190524836,1.88093362936762,-1.02348511496215,6.69522892545886,3950,28,"date",40.0796641741232,42.9155360793717,1615,2335,8366,FALSE,TRUE,"gap_trait"
2004,"weight2",2.83587190524836,1.49123063371104,-0.0877827490940439,5.75952655959076,3950,,"HC1",40.0796641741232,42.9155360793717,1615,2335,8366,FALSE,TRUE,"gap_trait"
2004,"item",2.98775444764004,1.0911159381196,0.793918817858991,5.18159007742108,6159,49,"state",54.1558950254602,57.1436494731004,2553,3606,13022,FALSE,FALSE,"gap_fav"
2004,"item",2.98775444764004,1.11860674328113,0.692562995835183,5.28294589944489,6159,28,"date",54.1558950254602,57.1436494731004,2553,3606,13022,FALSE,FALSE,"gap_fav"
2004,"item",2.98775444764004,1.14128736047935,0.750432505950875,5.2250763893292,6159,,"HC1",54.1558950254602,57.1436494731004,2553,3606,13022,FALSE,FALSE,"gap_fav"
2004,"complete_traits",2.57311219098324,1.32189621781118,-0.0847382905199296,5.2309626724864,3657,49,"state",43.1214593247223,45.6945715157059,1471,2186,7760,FALSE,FALSE,"gap_trait"
2004,"complete_traits",2.57311219098324,1.61020903539985,-0.730763845762469,5.87698822772894,3657,28,"date",43.1214593247223,45.6945715157059,1471,2186,7760,FALSE,FALSE,"gap_trait"
2004,"complete_traits",2.57311219098324,1.24154647157146,0.138919735668375,5.0073046462981,3657,,"HC1",43.1214593247223,45.6945715157059,1471,2186,7760,FALSE,FALSE,"gap_trait"
2004,"item",2.32503220266197,1.29658606105591,-0.281928797948138,4.93199320327208,3927,49,"state",47.3529411764706,49.6779733791327,1598,2329,8323,FALSE,FALSE,"trait_1"
2004,"item",2.32503220266197,1.66262039937986,-1.08638307010827,5.7364474754322,3927,28,"date",47.3529411764706,49.6779733791327,1598,2329,8323,FALSE,FALSE,"trait_1"
2004,"item",2.32503220266197,1.42693803003723,-0.472577647666955,5.12264205299089,3927,,"HC1",47.3529411764706,49.6779733791327,1598,2329,8323,FALSE,FALSE,"trait_1"
2004,"item",3.95532095232496,1.44180498636233,1.05637773302893,6.85426417162098,3972,49,"state",45.307881773399,49.263202725724,1624,2348,8403,FALSE,FALSE,"trait_2"
2004,"item",3.95532095232496,1.66529460569496,0.53841866143004,7.37222324321987,3972,28,"date",45.307881773399,49.263202725724,1624,2348,8403,FALSE,FALSE,"trait_2"
2004,"item",3.95532095232496,1.40046477511598,1.20962333369923,6.70101857095068,3972,,"HC1",45.307881773399,49.263202725724,1624,2348,8403,FALSE,FALSE,"trait_2"
2004,"item",2.5878326941868,1.41279443003936,-0.252780892228264,5.42844628060186,3956,49,"state",44.7489150650961,47.336747759283,1613,2343,8336,FALSE,FALSE,"trait_3"
2004,"item",2.5878326941868,1.88400263151814,-1.27782139829128,6.45348678666488,3956,28,"date",44.7489150650961,47.336747759283,1613,2343,8336,FALSE,FALSE,"trait_3"
2004,"item",2.5878326941868,1.44065094829418,-0.236655882561529,5.41232127093513,3956,,"HC1",44.7489150650961,47.336747759283,1613,2343,8336,FALSE,FALSE,"trait_3"
2004,"item",3.6204506140716,1.58307622092524,0.437462540310892,6.80343868783231,3918,49,"state",47.4466750313676,51.0671256454389,1594,2324,8298,FALSE,FALSE,"trait_4"
2004,"item",3.6204506140716,1.85676575336447,-0.189318020637126,7.43021924878033,3918,28,"date",47.4466750313676,51.0671256454389,1594,2324,8298,FALSE,FALSE,"trait_4"
2004,"item",3.6204506140716,1.45966207576787,0.758680999456217,6.48222022868698,3918,,"HC1",47.4466750313676,51.0671256454389,1594,2324,8298,FALSE,FALSE,"trait_4"
2004,"item",2.5987717911243,1.35843373370975,-0.132542289801775,5.33008587205038,3947,49,"state",35.2434456928839,37.8422174840085,1602,2345,8393,FALSE,FALSE,"trait_5"
2004,"item",2.5987717911243,1.55743227999012,-0.596815288310896,5.7943588705595,3947,28,"date",35.2434456928839,37.8422174840085,1602,2345,8393,FALSE,FALSE,"trait_5"
2004,"item",2.5987717911243,1.33904868438131,-0.0265208651341982,5.2240644473828,3947,,"HC1",35.2434456928839,37.8422174840085,1602,2345,8393,FALSE,FALSE,"trait_5"
2004,"item",3.59978488093246,1.77035320997864,0.0402511836777708,7.15931857818715,3821,49,"state",32.2122186495177,35.8120035304501,1555,2266,8097,FALSE,FALSE,"trait_6"
2004,"item",3.59978488093246,1.4642768482174,0.59533695918444,6.60423280268049,3821,28,"date",32.2122186495177,35.8120035304501,1555,2266,8097,FALSE,FALSE,"trait_6"
2004,"item",3.59978488093246,1.54115664570937,0.578215732930909,6.62135402893402,3821,,"HC1",32.2122186495177,35.8120035304501,1555,2266,8097,FALSE,FALSE,"trait_6"
2008,"weight1",2.30369763381081,1.10550021926862,0.080940468388107,4.52645479923351,4258,49,"state",43.4451901565996,45.7488877904103,2235,2023,9229,FALSE,FALSE,"gap_fav"
2008,"weight1",2.30369763381081,1.3317036370742,-0.428732527645812,5.03612779526743,4258,28,"date",43.4451901565996,45.7488877904103,2235,2023,9229,FALSE,FALSE,"gap_fav"
2008,"weight1",2.30369763381081,1.23072620469714,-0.109167594127457,4.71656286174908,4258,,"HC1",43.4451901565996,45.7488877904103,2235,2023,9229,FALSE,FALSE,"gap_fav"
2008,"weight1",1.05992423033235,1.38686249089377,-1.72854969790399,3.84839815856868,4258,49,"state",43.5601311671985,44.6200553975307,2235,2023,9229,FALSE,TRUE,"gap_fav"
2008,"weight1",1.05992423033235,1.54688438682741,-2.11402036002704,4.23386882069173,4258,28,"date",43.5601311671985,44.6200553975307,2235,2023,9229,FALSE,TRUE,"gap_fav"
2008,"weight1",1.05992423033235,1.51351390069844,-1.90735236543588,4.02720082610057,4258,,"HC1",43.5601311671985,44.6200553975307,2235,2023,9229,FALSE,TRUE,"gap_fav"
2008,"weight1",3.00215483576306,1.09465801310391,0.801197386904457,5.20311228462166,4247,49,"state",36.429907241173,39.4320620769358,2228,2019,9201,FALSE,FALSE,"gap_trait"
2008,"weight1",3.00215483576306,1.05926149586151,0.828729773621863,5.17557989790425,4247,28,"date",36.429907241173,39.4320620769358,2228,2019,9201,FALSE,FALSE,"gap_trait"
2008,"weight1",3.00215483576306,1.17144963788211,0.705500900632311,5.2988087708938,4247,,"HC1",36.429907241173,39.4320620769358,2228,2019,9201,FALSE,FALSE,"gap_trait"
2008,"weight1",2.52238759148661,1.30424907424414,-0.0999809297878946,5.14475611276111,4247,49,"state",35.0613121756176,37.5836997671042,2228,2019,9201,FALSE,TRUE,"gap_trait"
2008,"weight1",2.52238759148661,1.1885174460978,0.0837512262139377,4.96102395675927,4247,28,"date",35.0613121756176,37.5836997671042,2228,2019,9201,FALSE,TRUE,"gap_trait"
2008,"weight1",2.52238759148661,1.38927773947867,-0.201323342541891,5.2460985255151,4247,,"HC1",35.0613121756176,37.5836997671042,2228,2019,9201,FALSE,TRUE,"gap_trait"
2008,"weight2",2.30369763381081,1.10550021926862,0.080940468388107,4.52645479923351,4258,49,"state",43.4451901565996,45.7488877904103,2235,2023,9229,FALSE,FALSE,"gap_fav"
2008,"weight2",2.30369763381081,1.3317036370742,-0.428732527645812,5.03612779526743,4258,28,"date",43.4451901565996,45.7488877904103,2235,2023,9229,FALSE,FALSE,"gap_fav"
2008,"weight2",2.30369763381081,1.23072620469714,-0.109167594127457,4.71656286174908,4258,,"HC1",43.4451901565996,45.7488877904103,2235,2023,9229,FALSE,FALSE,"gap_fav"
2008,"weight2",1.16737881271153,1.48369378290148,-1.81578747686117,4.15054510228424,4258,49,"state",43.9300825280911,45.0974613408024,2235,2023,9229,FALSE,TRUE,"gap_fav"
2008,"weight2",1.16737881271153,1.53716799010286,-1.98662937833817,4.32138700376124,4258,28,"date",43.9300825280911,45.0974613408024,2235,2023,9229,FALSE,TRUE,"gap_fav"
2008,"weight2",1.16737881271153,1.598139097687,-1.9658073041523,4.30056492957536,4258,,"HC1",43.9300825280911,45.0974613408024,2235,2023,9229,FALSE,TRUE,"gap_fav"
2008,"weight2",3.00215483576306,1.09465801310391,0.801197386904457,5.20311228462166,4247,49,"state",36.429907241173,39.4320620769358,2228,2019,9201,FALSE,FALSE,"gap_trait"
2008,"weight2",3.00215483576306,1.05926149586151,0.828729773621863,5.17557989790425,4247,28,"date",36.429907241173,39.4320620769358,2228,2019,9201,FALSE,FALSE,"gap_trait"
2008,"weight2",3.00215483576306,1.17144963788211,0.705500900632311,5.2988087708938,4247,,"HC1",36.429907241173,39.4320620769358,2228,2019,9201,FALSE,FALSE,"gap_trait"
2008,"weight2",2.7204836108006,1.43486290404328,-0.164501616494464,5.60546883809567,4247,49,"state",35.2305436301419,37.9510272409424,2228,2019,9201,FALSE,TRUE,"gap_trait"
2008,"weight2",2.7204836108006,1.21598447787848,0.225489551523196,5.21547767007801,4247,28,"date",35.2305436301419,37.9510272409424,2228,2019,9201,FALSE,TRUE,"gap_trait"
2008,"weight2",2.7204836108006,1.44854749678529,-0.119427044454149,5.56039426605535,4247,,"HC1",35.2305436301419,37.9510272409424,2228,2019,9201,FALSE,TRUE,"gap_trait"
2008,"item",1.95891202654132,1.1269594582106,-0.306991830570281,4.22481588365291,4461,49,"state",43.5510029876227,45.5099150141643,2343,2118,9701,FALSE,FALSE,"gap_fav"
2008,"item",1.95891202654132,1.27969573802008,-0.66680674053804,4.58463079362067,4461,28,"date",43.5510029876227,45.5099150141643,2343,2118,9701,FALSE,FALSE,"gap_fav"
2008,"item",1.95891202654132,1.20936201494159,-0.412037541893565,4.3298615949762,4461,,"HC1",43.5510029876227,45.5099150141643,2343,2118,9701,FALSE,FALSE,"gap_fav"
2008,"complete_traits",2.80818609402525,1.07931903178263,0.638069734157765,4.97830245389273,4206,49,"state",36.9374714742127,39.7456575682382,2191,2015,9157,FALSE,FALSE,"gap_trait"
2008,"complete_traits",2.80818609402525,1.15728005103032,0.43364356920737,5.18272861884313,4206,28,"date",36.9374714742127,39.7456575682382,2191,2015,9157,FALSE,FALSE,"gap_trait"
2008,"complete_traits",2.80818609402525,1.18091189591442,0.492974744814444,5.12339744323605,4206,,"HC1",36.9374714742127,39.7456575682382,2191,2015,9157,FALSE,FALSE,"gap_trait"
2008,"item",2.3207836899653,1.09654813330185,0.116025899740631,4.52554148018996,4386,49,"state",35.313315926893,37.6340996168582,2298,2088,9528,FALSE,FALSE,"trait_1"
2008,"item",2.3207836899653,1.2479762497318,-0.239852063077022,4.88141944300762,4386,28,"date",35.313315926893,37.6340996168582,2298,2088,9528,FALSE,FALSE,"trait_1"
2008,"item",2.3207836899653,1.21842269641757,-0.0679404051385415,4.70950778506914,4386,,"HC1",35.313315926893,37.6340996168582,2298,2088,9528,FALSE,FALSE,"trait_1"
2008,"item",4.19568962217239,1.23491151390951,1.71273360971557,6.67864563462921,4341,49,"state",37.673289183223,41.868978805395,2265,2076,9452,FALSE,FALSE,"trait_2"
2008,"item",4.19568962217239,1.22881041375288,1.67437891626548,6.71700032807931,4341,28,"date",37.673289183223,41.868978805395,2265,2076,9452,FALSE,FALSE,"trait_2"
2008,"item",4.19568962217239,1.25488387012463,1.73547615829756,6.65590308604722,4341,,"HC1",37.673289183223,41.868978805395,2265,2076,9452,FALSE,FALSE,"trait_2"
2008,"item",1.47854602663422,1.1689170480806,-0.871719219016157,3.8288112722846,4413,49,"state",33.8006902502157,35.2792362768496,2318,2095,9580,FALSE,FALSE,"trait_3"
2008,"item",1.47854602663422,1.3265596324535,-1.24332950916475,4.20042156243319,4413,28,"date",33.8006902502157,35.2792362768496,2318,2095,9580,FALSE,FALSE,"trait_3"
2008,"item",1.47854602663422,1.34449669252896,-1.15734234425445,4.1144343975229,4413,,"HC1",33.8006902502157,35.2792362768496,2318,2095,9580,FALSE,FALSE,"trait_3"
2008,"item",2.92311561070645,1.32905952588371,0.250862333013075,5.59536888839982,4348,49,"state",40.1627088830255,43.0858244937319,2274,2074,9464,FALSE,FALSE,"trait_4"
2008,"item",2.92311561070645,1.24025259727626,0.378327483471078,5.46790373794182,4348,28,"date",40.1627088830255,43.0858244937319,2274,2074,9464,FALSE,FALSE,"trait_4"
2008,"item",2.92311561070645,1.24766668858064,0.477052608984322,5.36917861242858,4348,,"HC1",40.1627088830255,43.0858244937319,2274,2074,9464,FALSE,FALSE,"trait_4"
2000,"include_leaners",4.93161116094816,0.818633565433906,3.28473285146572,6.57848947043059,7092,48,"state",36.012324448266,40.9439356092145,3489,3603,16910,FALSE,FALSE,"gap_fav"
2000,"include_leaners",4.93161116094816,0.990365138671183,2.8995497469644,6.96367257493192,7092,28,"date",36.012324448266,40.9439356092145,3489,3603,16910,FALSE,FALSE,"gap_fav"
2000,"include_leaners",4.93161116094816,1.01646889613399,2.93902857167854,6.92419375021777,7092,,"HC1",36.012324448266,40.9439356092145,3489,3603,16910,FALSE,FALSE,"gap_fav"
2000,"adjustment_complete_cases",5.7502612876256,1.52457181743082,2.68145738608251,8.81906518916868,4704,47,"state",39.3623188405797,45.1125801282051,2208,2496,11233,FALSE,FALSE,"gap_fav"
2000,"adjustment_complete_cases",5.7502612876256,1.26259946750774,3.15962117010145,8.34090140514974,4704,28,"date",39.3623188405797,45.1125801282051,2208,2496,11233,FALSE,FALSE,"gap_fav"
2000,"adjustment_complete_cases",5.7502612876256,1.256919542699,3.28610994606646,8.21441262918473,4704,,"HC1",39.3623188405797,45.1125801282051,2208,2496,11233,FALSE,FALSE,"gap_fav"
2000,"include_leaners",4.93940163195496,0.589193700679969,3.7540967938627,6.12470647004722,7289,48,"state",23.5239681658338,28.463369797788,3602,3687,17364,FALSE,FALSE,"gap_trait"
2000,"include_leaners",4.93940163195496,0.74653956129468,3.40762897833073,6.47117428557919,7289,28,"date",23.5239681658338,28.463369797788,3602,3687,17364,FALSE,FALSE,"gap_trait"
2000,"include_leaners",4.93940163195496,0.746584544996283,3.47587972325098,6.40292354065894,7289,,"HC1",23.5239681658338,28.463369797788,3602,3687,17364,FALSE,FALSE,"gap_trait"
2000,"adjustment_complete_cases",5.90683705431374,0.871737889567237,4.15211969299254,7.66155441563494,4821,47,"state",25.7149142102948,31.6217512646084,2273,2548,11517,FALSE,FALSE,"gap_trait"
2000,"adjustment_complete_cases",5.90683705431374,0.994456459192229,3.86638094403219,7.94729316459529,4821,28,"date",25.7149142102948,31.6217512646084,2273,2548,11517,FALSE,FALSE,"gap_trait"
2000,"adjustment_complete_cases",5.90683705431374,0.942445977142811,4.05921282496929,7.75446128365819,4821,,"HC1",25.7149142102948,31.6217512646084,2273,2548,11517,FALSE,FALSE,"gap_trait"
2004,"include_leaners",3.63277789748444,0.932393743703195,1.75807462860341,5.50748116636546,8450,49,"state",50.6447963800905,54.2775742775743,3536,4914,18023,FALSE,FALSE,"gap_fav"
2004,"include_leaners",3.63277789748444,0.933653130761296,1.71707991198105,5.54847588298782,8450,28,"date",50.6447963800905,54.2775742775743,3536,4914,18023,FALSE,FALSE,"gap_fav"
2004,"include_leaners",3.63277789748444,0.960226436082402,1.75049898791907,5.5150568070498,8450,,"HC1",50.6447963800905,54.2775742775743,3536,4914,18023,FALSE,FALSE,"gap_fav"
2004,"adjustment_complete_cases",2.84518734812052,1.10391426655914,0.625618954339459,5.06475574190158,6053,49,"state",54.1610203268234,57.0062076749436,2509,3544,12798,FALSE,FALSE,"gap_fav"
2004,"adjustment_complete_cases",2.84518734812052,1.1253674141833,0.536124145446707,5.15425055079433,6053,28,"date",54.1610203268234,57.0062076749436,2509,3544,12798,FALSE,FALSE,"gap_fav"
2004,"adjustment_complete_cases",2.84518734812052,1.15160412221781,0.587633173381116,5.10274152285993,6053,,"HC1",54.1610203268234,57.0062076749436,2509,3544,12798,FALSE,FALSE,"gap_fav"
2004,"include_leaners",4.01571903161307,0.914643433719824,2.17670515294322,5.85473291028292,5478,49,"state",38.8933953900709,42.9091144216842,2256,3222,11751,FALSE,FALSE,"gap_trait"
2004,"include_leaners",4.01571903161307,1.1063905577819,1.74559312201053,6.28584494121561,5478,28,"date",38.8933953900709,42.9091144216842,2256,3222,11751,FALSE,FALSE,"gap_trait"
2004,"include_leaners",4.01571903161307,0.998893027639699,2.05749184612515,5.97394621710099,5478,,"HC1",38.8933953900709,42.9091144216842,2256,3222,11751,FALSE,FALSE,"gap_trait"
2004,"adjustment_complete_cases",3.39679200502114,1.28231689196477,0.818521091748106,5.97506291829418,3968,49,"state",41.5660919540229,44.9628839590443,1624,2344,8400,FALSE,FALSE,"gap_trait"
2004,"adjustment_complete_cases",3.39679200502114,1.50026685230598,0.318498694595923,6.47508531544637,3968,28,"date",41.5660919540229,44.9628839590443,1624,2344,8400,FALSE,FALSE,"gap_trait"
2004,"adjustment_complete_cases",3.39679200502114,1.19820305275993,1.04764025271385,5.74594375732844,3968,,"HC1",41.5660919540229,44.9628839590443,1624,2344,8400,FALSE,FALSE,"gap_trait"
2008,"include_leaners",1.82642943363582,0.900131248963133,0.0165942580468337,3.6362646092248,6195,49,"state",40.2591320636903,42.0855614973262,3203,2992,13546,FALSE,FALSE,"gap_fav"
2008,"include_leaners",1.82642943363582,0.940438162562541,-0.10319028717265,3.75604915444429,6195,28,"date",40.2591320636903,42.0855614973262,3203,2992,13546,FALSE,FALSE,"gap_fav"
2008,"include_leaners",1.82642943363582,1.00611797436783,-0.145911034784453,3.79876990205609,6195,,"HC1",40.2591320636903,42.0855614973262,3203,2992,13546,FALSE,FALSE,"gap_fav"
2008,"adjustment_complete_cases",2.30474575445357,1.08606172577352,0.121072299687972,4.48841920921916,4294,49,"state",43.2993799822852,45.6041257367387,2258,2036,9300,FALSE,FALSE,"gap_fav"
2008,"adjustment_complete_cases",2.30474575445357,1.28479362579427,-0.331433014330466,4.9409245232376,4294,28,"date",43.2993799822852,45.6041257367387,2258,2036,9300,FALSE,FALSE,"gap_fav"
2008,"adjustment_complete_cases",2.30474575445357,1.22999306159277,-0.106676376903706,4.71616788581084,4294,,"HC1",43.2993799822852,45.6041257367387,2258,2036,9300,FALSE,FALSE,"gap_fav"
2008,"include_leaners",2.49890381378246,0.859948476900566,0.769861516360164,4.22794611120476,6174,49,"state",34.2453471350899,36.7442509488725,3188,2986,13497,FALSE,FALSE,"gap_trait"
2008,"include_leaners",2.49890381378246,0.912534387816181,0.626537909523566,4.37126971804136,6174,28,"date",34.2453471350899,36.7442509488725,3188,2986,13497,FALSE,FALSE,"gap_trait"
2008,"include_leaners",2.49890381378246,0.949414611572231,0.637720381147078,4.36008724641784,6174,,"HC1",34.2453471350899,36.7442509488725,3188,2986,13497,FALSE,FALSE,"gap_trait"
2008,"adjustment_complete_cases",3.00727581996218,1.06531169679914,0.865323094674178,5.14922854525018,4283,49,"state",36.3468088257071,39.3540846456693,2251,2032,9273,FALSE,FALSE,"gap_trait"
2008,"adjustment_complete_cases",3.00727581996218,1.03227719897145,0.889217961645765,5.12533367827859,4283,28,"date",36.3468088257071,39.3540846456693,2251,2032,9273,FALSE,FALSE,"gap_trait"
2008,"adjustment_complete_cases",3.00727581996218,1.17078668521599,0.711927123854374,5.30262451606998,4283,,"HC1",36.3468088257071,39.3540846456693,2251,2032,9273,FALSE,FALSE,"gap_trait"
