"year","period","variable","n","estimate","se","lower","upper"
2000,"early","age",2310,47.7173160173161,0.351900515907441,47.0272419503307,48.4073900843015
2000,"early","female",2335,0.597002141327627,0.0101528714596683,0.577092554313702,0.616911728341553
2000,"early","black",2335,0.101070663811564,0.00623914257369961,0.0888358243913257,0.113305503231802
2000,"early","hispanic",2335,0.0689507494646684,0.00524451578790495,0.0586663541741354,0.0792351447552014
2000,"early","education",2322,5.1244616709733,0.0469603660764514,5.03237302242107,5.21655031952554
2000,"early","democrat",2335,0.531049250535336,0.0103295307161687,0.510793238093581,0.55130526297709
2000,"late","age",2585,47.4030947775628,0.336156208253506,46.7439319619443,48.0622575931813
2000,"late","female",2609,0.572633192794158,0.00968690096712193,0.553638400422602,0.591627985165714
2000,"late","black",2609,0.0996550402453047,0.00586543612620085,0.0881536589713604,0.111156421519249
2000,"late","hispanic",2609,0.0735914143349943,0.0051128266343514,0.0635658054554477,0.0836170232145409
2000,"late","education",2590,5.17722007722014,0.0449353271301813,5.08910726175449,5.26533289268579
2000,"late","democrat",2609,0.527405136067444,0.00977603803576932,0.508235557134395,0.546574715000493
2004,"early","age",2569,49.6442195406774,0.326795900208361,49.0034093180058,50.2850297633491
2004,"early","female",2600,0.579999999999997,0.00968134066441258,0.561016080158651,0.598983919841343
2004,"early","black",2600,0.0838461538461541,0.00543654062466077,0.0731857654753413,0.0945065422169668
2004,"early","hispanic",2600,0.0673076923076925,0.00491471578703951,0.0576705383454199,0.0769448462699651
2004,"early","education",2568,5.50389408099674,0.0451195940735519,5.41541958539312,5.59236857660036
2004,"early","democrat",2600,0.494230769230758,0.00980704013240747,0.475000368172891,0.513461170288624
2004,"late","age",3610,50.0019390581718,0.270162851069279,49.4722519578602,50.5316261584835
2004,"late","female",3644,0.568605927552162,0.00820565384754952,0.552517796387465,0.584694058716859
2004,"late","black",3644,0.0836992316136118,0.00458828277222986,0.0747033738268007,0.0926950894004229
2004,"late","hispanic",3644,0.066410537870472,0.00412540778410869,0.0583221999059813,0.0744988758349627
2004,"late","education",3600,5.45361111111136,0.0381026468346631,5.37890617203705,5.52831605018567
2004,"late","democrat",3644,0.508507135016482,0.00828280712973225,0.492267735939855,0.52474653409311
2008,"early","age",2361,53.8081321473952,0.324724827378549,53.1713566029331,54.4449076918572
2008,"early","female",2403,0.598834789846027,0.0100006595185534,0.579223975589212,0.618445604102842
2008,"early","black",2341,0.0973942759504484,0.00612925697043538,0.0853749360894292,0.109413615811468
2008,"early","hispanic",2354,0.0603228547153782,0.00490816677702364,0.0506980737342093,0.0699476356965471
2008,"early","education",2359,5.79058923272583,0.0468792428752981,5.69866041829309,5.88251804715858
2008,"early","democrat",2403,0.550145651269244,0.0101505202562855,0.530240967284477,0.57005033525401
2008,"late","age",2110,54.0189573459716,0.344812090386039,53.3427499927172,54.6951646992261
2008,"late","female",2157,0.605006954102919,0.010528112811163,0.58436064157062,0.625653266635218
2008,"late","black",2091,0.0932568149210902,0.00636076420252509,0.0807827222218008,0.10573090762038
2008,"late","hispanic",2099,0.0614578370652692,0.00524339756103742,0.0511750344591159,0.0717406396714225
2008,"late","education",2103,5.63813599619592,0.0511370669488492,5.53785144184506,5.73842055054679
2008,"late","democrat",2157,0.540565600370879,0.0107327639806982,0.519517953612579,0.56161324712918
