"year","period","outcome","n","missing","zero","floor","ceiling","sd"
2000,"early","own_fav",2237,0.0419700214132762,0.0201162270898525,0.0201162270898525,0.214126061689763,23.1121550715303
2000,"early","other_fav",2237,0.0419700214132762,0.212784979883773,0.212784979883773,0.0286097451944569,29.2662954368814
2000,"early","gap_fav",2237,0.0419700214132762,0.0898524810013411,0.0075994635672776,0.115780062583818,42.7139505772976
2000,"early","own_trait",2306,0.0124197002141328,0.00737207285342585,0.00737207285342585,0.0823937554206418,19.6022298889928
2000,"early","other_trait",2306,0.0124197002141328,0.0689505637467476,0.0689505637467476,0.0117085862966175,23.1818365021682
2000,"early","gap_trait",2306,0.0124197002141328,0.114050303555941,0.00216825672159584,0.018213356461405,32.2872086302872
2000,"late","own_fav",2530,0.0302798006899195,0.0268774703557312,0.0268774703557312,0.271936758893281,23.3825322449363
2000,"late","other_fav",2530,0.0302798006899195,0.271936758893281,0.271936758893281,0.0328063241106719,29.9127354434396
2000,"late","gap_fav",2530,0.0302798006899195,0.0719367588932806,0.0122529644268775,0.160474308300395,43.582931127359
2000,"late","own_trait",2583,0.00996550402453047,0.00735578784359272,0.00735578784359272,0.0933023615950445,19.9321033380589
2000,"late","other_trait",2583,0.00996550402453047,0.0940766550522648,0.0940766550522648,0.0143244289585753,23.0968083182395
2000,"late","gap_trait",2583,0.00996550402453047,0.0855594270228417,0.00116144018583043,0.0247773906310492,33.2220443878586
2004,"early","own_fav",2553,0.0180769230769231,0.0219349784567176,0.0219349784567176,0.355268311790051,22.9879174050797
2004,"early","other_fav",2553,0.0180769230769231,0.383078730904818,0.383078730904818,0.0305522914218566,27.9118537926998
2004,"early","gap_fav",2553,0.0180769230769231,0.0477869173521347,0.0117508813160987,0.221308264786526,44.4912285470446
2004,"early","own_trait",1651,0.365,0.00181708055723804,0.00181708055723804,0.112658994548758,19.6519438542429
2004,"early","other_trait",1651,0.365,0.0732889158086008,0.0732889158086008,0.00605693519079346,23.0949005459931
2004,"early","gap_trait",1651,0.365,0.0151423379769836,0.000605693519079346,0.031496062992126,37.1294689516587
2004,"late","own_fav",3606,0.0104281009879254,0.0227398779811425,0.0227398779811425,0.377426511369939,22.8297586550398
2004,"late","other_fav",3606,0.0104281009879254,0.408763172490294,0.408763172490294,0.0246810870770937,27.1700161909559
2004,"late","gap_fav",3606,0.0104281009879254,0.0415973377703827,0.00859678313921242,0.254298391569606,43.6019683912673
2004,"late","own_trait",2380,0.346871569703622,0.00210084033613445,0.00210084033613445,0.152100840336134,19.1025309958381
2004,"late","other_trait",2380,0.346871569703622,0.0861344537815126,0.0861344537815126,0.00672268907563025,23.0067585007798
2004,"late","gap_trait",2380,0.346871569703622,0.0109243697478992,0.000420168067226891,0.0428571428571429,37.186285981702
2008,"early","own_fav",2343,0.0249687890137328,0.0140845070422535,0.0140845070422535,0.267605633802817,21.085950393814
2008,"early","other_fav",2343,0.0249687890137328,0.218523260776782,0.218523260776782,0.0157917200170721,26.4569476015437
2008,"early","gap_fav",2343,0.0249687890137328,0.0751173708920188,0.00213401621852326,0.118224498506189,38.5777003542364
2008,"early","own_trait",2336,0.0278818143986683,0.00642123287671233,0.00642123287671233,0.160102739726027,19.9752167721808
2008,"early","other_trait",2336,0.0278818143986683,0.0911815068493151,0.0911815068493151,0.0128424657534247,26.4399911840802
2008,"early","gap_trait",2336,0.0278818143986683,0.0226883561643836,0.000428082191780822,0.0462328767123288,37.6077428455763
2008,"late","own_fav",2118,0.0180806675938804,0.0212464589235127,0.0212464589235127,0.301227573182247,22.5689730592784
2008,"late","other_fav",2118,0.0180806675938804,0.260151085930123,0.260151085930123,0.0250236071765817,27.7594528021586
2008,"late","gap_fav",2118,0.0180806675938804,0.0642115203021719,0.00755429650613787,0.136449480642115,41.8614992155421
2008,"late","own_trait",2114,0.0199350950394066,0.0122989593188269,0.0122989593188269,0.15752128666036,20.1580624586123
2008,"late","other_trait",2114,0.0199350950394066,0.109271523178808,0.109271523178808,0.010879848628193,27.1274668969464
2008,"late","gap_trait",2114,0.0199350950394066,0.0241248817407758,0.00283822138126774,0.0577105014191107,38.9927504197779
