"year","estimate","se","lower","upper","n","clusters","inference","early_mean","late_mean","early_n","late_n","target_n","adjusted","weighted","outcome"
2000,2.64430587973389,0.741853774496054,1.15103168200902,4.13758007745877,4767,47,"state",76.4228877961556,79.0671936758893,2237,2530,11363,FALSE,FALSE,"own_fav"
2000,2.64430587973389,0.677079361752553,1.25505378321101,4.03355797625678,4767,28,"date",76.4228877961556,79.0671936758893,2237,2530,11363,FALSE,FALSE,"own_fav"
2000,2.64430587973389,0.674456736234611,1.32205910317756,3.96655265629022,4767,,"HC1",76.4228877961556,79.0671936758893,2237,2530,11363,FALSE,FALSE,"own_fav"
2000,2.69003738901254,0.682992235054986,1.31524532497421,4.06482945305086,4704,47,"state",76.5294384057971,79.1895032051282,2208,2496,11233,TRUE,FALSE,"own_fav"
2000,2.69003738901254,0.694967468283506,1.2640819296274,4.11599284839768,4704,28,"date",76.5294384057971,79.1895032051282,2208,2496,11233,TRUE,FALSE,"own_fav"
2000,2.69003738901254,0.667554615959842,1.38131663936318,3.9987581386619,4704,,"HC1",76.5294384057971,79.1895032051282,2208,2496,11233,TRUE,FALSE,"own_fav"
2000,-3.0479232667977,1.08962620694319,-5.24122706322093,-0.85461947037448,4767,47,"state",37.1305319624497,34.0826086956522,2237,2530,11363,FALSE,FALSE,"other_fav"
2000,-3.0479232667977,0.871052064448059,-4.83517447407538,-1.26067205952002,4767,28,"date",37.1305319624497,34.0826086956522,2237,2530,11363,FALSE,FALSE,"other_fav"
2000,-3.0479232667977,0.85822422521459,-4.73043921539341,-1.36540731820199,4767,,"HC1",37.1305319624497,34.0826086956522,2237,2530,11363,FALSE,FALSE,"other_fav"
2000,-3.09843258569006,0.999108758453648,-5.10953420842327,-1.08733096295686,4704,47,"state",37.1671195652174,34.0769230769231,2208,2496,11233,TRUE,FALSE,"other_fav"
2000,-3.09843258569006,0.843623154396631,-4.82940431829043,-1.3674608530897,4704,28,"date",37.1671195652174,34.0769230769231,2208,2496,11233,TRUE,FALSE,"other_fav"
2000,-3.09843258569006,0.849452893341166,-4.7637594380358,-1.43310573334433,4704,,"HC1",37.1671195652174,34.0769230769231,2208,2496,11233,TRUE,FALSE,"other_fav"
2000,5.69222914653147,1.49772217326857,2.67747077555511,8.70698751750782,4767,47,"state",39.2923558337059,44.9845849802372,2237,2530,11363,FALSE,FALSE,"gap_fav"
2000,5.69222914653147,1.27080666353184,3.08474925375033,8.2997090393126,4767,28,"date",39.2923558337059,44.9845849802372,2237,2530,11363,FALSE,FALSE,"gap_fav"
2000,5.69222914653147,1.25154634136322,3.23862015032338,8.14583814273955,4767,,"HC1",39.2923558337059,44.9845849802372,2237,2530,11363,FALSE,FALSE,"gap_fav"
2000,5.78846997470267,1.36181523414284,3.04727808335511,8.52966186605022,4704,47,"state",39.3623188405797,45.1125801282051,2208,2496,11233,TRUE,FALSE,"gap_fav"
2000,5.78846997470267,1.26212485276269,3.198803686196,8.37813626320933,4704,28,"date",39.3623188405797,45.1125801282051,2208,2496,11233,TRUE,FALSE,"gap_fav"
2000,5.78846997470267,1.23870587933244,3.36002434907531,8.21691560033002,4704,,"HC1",39.3623188405797,45.1125801282051,2208,2496,11233,TRUE,FALSE,"gap_fav"
2000,0.999514397049273,0.550246592949234,-0.108074548218651,2.1071033423172,4889,47,"state",67.5749253156018,68.5744397126509,2306,2583,11656,FALSE,FALSE,"own_trait"
2000,0.999514397049273,0.525095396167702,-0.077892360870922,2.07692115496947,4889,28,"date",67.5749253156018,68.5744397126509,2306,2583,11656,FALSE,FALSE,"own_trait"
2000,0.999514397049273,0.566072191128337,-0.11024156263065,2.1092703567292,4889,,"HC1",67.5749253156018,68.5744397126509,2306,2583,11656,FALSE,FALSE,"own_trait"
2000,1.05576858501171,0.513718286691663,0.0217073066456321,2.08982986337779,4821,47,"state",67.6284401427385,68.6148177219604,2273,2548,11517,TRUE,FALSE,"own_trait"
2000,1.05576858501171,0.514377546129948,0.000353038870037681,2.11118413115338,4821,28,"date",67.6284401427385,68.6148177219604,2273,2548,11517,TRUE,FALSE,"own_trait"
2000,1.05576858501171,0.561132665804242,-0.0443082199911065,2.15584539001453,4821,,"HC1",67.6284401427385,68.6148177219604,2273,2548,11517,TRUE,FALSE,"own_trait"
2000,-4.95262358596913,0.568327882349833,-6.09660827909431,-3.80863889284396,4889,47,"state",41.9208345379204,36.9682109519508,2306,2583,11656,FALSE,FALSE,"other_trait"
2000,-4.95262358596913,0.663140864698145,-6.31327624888191,-3.59197092305636,4889,28,"date",41.9208345379204,36.9682109519508,2306,2583,11656,FALSE,FALSE,"other_trait"
2000,-4.95262358596913,0.663000945628625,-6.25240347661913,-3.65284369531914,4889,,"HC1",41.9208345379204,36.9682109519508,2306,2583,11656,FALSE,FALSE,"other_trait"
2000,-4.86256117360503,0.486855890772117,-5.84255125344822,-3.88257109376184,4821,47,"state",41.9135259324437,36.9930664573522,2273,2548,11517,TRUE,FALSE,"other_trait"
2000,-4.86256117360503,0.713959283367975,-6.32748461874384,-3.39763772846622,4821,28,"date",41.9135259324437,36.9930664573522,2273,2548,11517,TRUE,FALSE,"other_trait"
2000,-4.86256117360503,0.649897132478654,-6.13665695281426,-3.5884653943958,4821,,"HC1",41.9135259324437,36.9930664573522,2273,2548,11517,TRUE,FALSE,"other_trait"
2000,5.95213798301837,0.865905960485982,4.20915968607804,7.6951162799587,4889,47,"state",25.6540907776814,31.6062287607003,2306,2583,11656,FALSE,FALSE,"gap_trait"
2000,5.95213798301837,0.968565438203819,3.96480585970367,7.93947010633307,4889,28,"date",25.6540907776814,31.6062287607003,2306,2583,11656,FALSE,FALSE,"gap_trait"
2000,5.95213798301837,0.937741752414265,4.11374260749551,7.79053335854123,4889,,"HC1",25.6540907776814,31.6062287607003,2306,2583,11656,FALSE,FALSE,"gap_trait"
2000,5.91832975861676,0.771055295253009,4.36627594827845,7.47038356895506,4821,47,"state",25.7149142102948,31.6217512646084,2273,2548,11517,TRUE,FALSE,"gap_trait"
2000,5.91832975861676,0.988924389715135,3.8892245173076,7.94743499992591,4821,28,"date",25.7149142102948,31.6217512646084,2273,2548,11517,TRUE,FALSE,"gap_trait"
2000,5.91832975861676,0.92718845192802,4.10061610195305,7.73604341528046,4821,,"HC1",25.7149142102948,31.6217512646084,2273,2548,11517,TRUE,FALSE,"gap_trait"
2000,-0.40361738706379,1.10999679228483,-2.63792504506862,1.83069027094104,4767,47,"state",113.553419758605,113.149802371541,2237,2530,11363,FALSE,FALSE,"sum_fav"
2000,-0.40361738706379,0.90519983766239,-2.26093403749248,1.4536992633649,4767,28,"date",113.553419758605,113.149802371541,2237,2530,11363,FALSE,FALSE,"sum_fav"
2000,-0.40361738706379,0.903611185751472,-2.1751127453732,1.36787797124562,4767,,"HC1",113.553419758605,113.149802371541,2237,2530,11363,FALSE,FALSE,"sum_fav"
2000,-0.408395196677529,1.03675101966909,-2.49526676134468,1.67847636798962,4704,47,"state",113.696557971014,113.266426282051,2208,2496,11233,TRUE,FALSE,"sum_fav"
2000,-0.408395196677529,0.892412725845948,-2.2394748608636,1.42268446750854,4704,28,"date",113.696557971014,113.266426282051,2208,2496,11233,TRUE,FALSE,"sum_fav"
2000,-0.408395196677529,0.894430830806462,-2.16189994283144,1.34510954947638,4704,,"HC1",113.696557971014,113.266426282051,2208,2496,11233,TRUE,FALSE,"sum_fav"
2000,-3.95310918892013,0.7083379542364,-5.37891953955017,-2.52729883829009,4889,47,"state",109.495759853522,105.542650664602,2306,2583,11656,FALSE,FALSE,"sum_trait"
2000,-3.95310918892013,0.702027745132105,-5.39355113979803,-2.51266723804223,4889,28,"date",109.495759853522,105.542650664602,2306,2583,11656,FALSE,FALSE,"sum_trait"
2000,-3.95310918892013,0.800410122828052,-5.5222728360974,-2.38394554174286,4889,,"HC1",109.495759853522,105.542650664602,2306,2583,11656,FALSE,FALSE,"sum_trait"
2000,-3.80679258859341,0.638235070004855,-5.09149315208222,-2.5220920251046,4821,47,"state",109.541966075182,105.607884179313,2273,2548,11517,TRUE,FALSE,"sum_trait"
2000,-3.80679258859341,0.755428876841833,-5.35680461112791,-2.25678056605891,4821,28,"date",109.541966075182,105.607884179313,2273,2548,11517,TRUE,FALSE,"sum_trait"
2000,-3.80679258859341,0.784087927138552,-5.34396373241125,-2.26962144477557,4821,,"HC1",109.541966075182,105.607884179313,2273,2548,11517,TRUE,FALSE,"sum_trait"
2004,1.16156451611845,0.497017263625683,0.162244330733365,2.16088470150353,6159,49,"state",79.7924010967489,80.9539656128674,2553,3606,13022,FALSE,FALSE,"own_fav"
2004,1.16156451611845,0.6447884851369,-0.161432174360536,2.48456120659744,6159,28,"date",79.7924010967489,80.9539656128674,2553,3606,13022,FALSE,FALSE,"own_fav"
2004,1.16156451611845,0.592890246146938,-0.000707495867117158,2.32383652810402,6159,,"HC1",79.7924010967489,80.9539656128674,2553,3606,13022,FALSE,FALSE,"own_fav"
2004,1.35888500092736,0.499517487600196,0.354537778317276,2.36323222353745,6053,49,"state",79.7568752491032,80.9001128668172,2509,3544,12798,TRUE,FALSE,"own_fav"
2004,1.35888500092736,0.574680489980765,0.179738034358984,2.53803196749574,6053,28,"date",79.7568752491032,80.9001128668172,2509,3544,12798,TRUE,FALSE,"own_fav"
2004,1.35888500092736,0.58323317414758,0.215539831190433,2.50223017066429,6053,,"HC1",79.7568752491032,80.9001128668172,2509,3544,12798,TRUE,FALSE,"own_fav"
2004,-1.82618993152178,0.781186573209732,-3.39687080780663,-0.255509055236921,6159,49,"state",25.6365060712887,23.8103161397671,2553,3606,13022,FALSE,FALSE,"other_fav"
2004,-1.82618993152178,0.647028887684654,-3.15378354831744,-0.498596314726106,6159,28,"date",25.6365060712887,23.8103161397671,2553,3606,13022,FALSE,FALSE,"other_fav"
2004,-1.82618993152178,0.714048738118228,-3.22597491517075,-0.426404947872801,6159,,"HC1",25.6365060712887,23.8103161397671,2553,3606,13022,FALSE,FALSE,"other_fav"
2004,-1.82259291184934,0.768691060510166,-3.36814987598611,-0.277035947712566,6053,49,"state",25.5958549222798,23.8939051918736,2509,3544,12798,TRUE,FALSE,"other_fav"
2004,-1.82259291184934,0.627887119159016,-3.1109108638447,-0.534274959853974,6053,28,"date",25.5958549222798,23.8939051918736,2509,3544,12798,TRUE,FALSE,"other_fav"
2004,-1.82259291184934,0.716973666709971,-3.22811717726774,-0.417068646430937,6053,,"HC1",25.5958549222798,23.8939051918736,2509,3544,12798,TRUE,FALSE,"other_fav"
2004,2.98775444764004,1.0911159381196,0.793918817858991,5.18159007742108,6159,49,"state",54.1558950254602,57.1436494731004,2553,3606,13022,FALSE,FALSE,"gap_fav"
2004,2.98775444764004,1.11860674328113,0.692562995835183,5.28294589944489,6159,28,"date",54.1558950254602,57.1436494731004,2553,3606,13022,FALSE,FALSE,"gap_fav"
2004,2.98775444764004,1.14128736047935,0.750432505950875,5.2250763893292,6159,,"HC1",54.1558950254602,57.1436494731004,2553,3606,13022,FALSE,FALSE,"gap_fav"
2004,3.18147791277678,1.09881694332091,0.972158374269354,5.39079745128422,6053,49,"state",54.1610203268234,57.0062076749436,2509,3544,12798,TRUE,FALSE,"gap_fav"
2004,3.18147791277678,1.02552122555705,1.07728216688056,5.28567365867301,6053,28,"date",54.1610203268234,57.0062076749436,2509,3544,12798,TRUE,FALSE,"gap_fav"
2004,3.18147791277678,1.13686945879374,0.952808039474352,5.41014778607922,6053,,"HC1",54.1610203268234,57.0062076749436,2509,3544,12798,TRUE,FALSE,"gap_fav"
2004,2.59218036093878,0.618748806047827,1.34810250526052,3.83625821661704,4031,49,"state",76.1396123561479,78.7317927170869,1651,2380,8538,FALSE,FALSE,"own_trait"
2004,2.59218036093878,0.785151262712704,0.981183040051825,4.20317768182573,4031,28,"date",76.1396123561479,78.7317927170869,1651,2380,8538,FALSE,FALSE,"own_trait"
2004,2.59218036093878,0.622275122754502,1.37217702866263,3.81218369321493,4031,,"HC1",76.1396123561479,78.7317927170869,1651,2380,8538,FALSE,FALSE,"own_trait"
2004,2.93920872224882,0.606385358468475,1.71998924399767,4.15842820049996,3968,49,"state",76.1216133004927,78.7667804323095,1624,2344,8400,TRUE,FALSE,"own_trait"
2004,2.93920872224882,0.735161416332083,1.43078209367978,4.44763535081785,3968,28,"date",76.1216133004927,78.7667804323095,1624,2344,8400,TRUE,FALSE,"own_trait"
2004,2.93920872224882,0.616754909198777,1.73002116870016,4.14839627579748,3968,,"HC1",76.1216133004927,78.7667804323095,1624,2344,8400,TRUE,FALSE,"own_trait"
2004,-0.695105334683764,0.763226112238879,-2.22967428387767,0.83946361451014,4031,49,"state",34.4963658388855,33.8012605042017,1651,2380,8538,FALSE,FALSE,"other_trait"
2004,-0.695105334683764,0.87816542405297,-2.4969519502735,1.10674128090597,4031,28,"date",34.4963658388855,33.8012605042017,1651,2380,8538,FALSE,FALSE,"other_trait"
2004,-0.695105334683764,0.738540785590736,-2.14305365608566,0.752842986718134,4031,,"HC1",34.4963658388855,33.8012605042017,1651,2380,8538,FALSE,FALSE,"other_trait"
2004,-0.879058709726227,0.750771246189712,-2.38858547234012,0.630468052887668,3968,49,"state",34.5555213464696,33.8038964732651,1624,2344,8400,TRUE,FALSE,"other_trait"
2004,-0.879058709726227,0.929517695545946,-2.78627148305583,1.02815406360338,3968,28,"date",34.5555213464696,33.8038964732651,1624,2344,8400,TRUE,FALSE,"other_trait"
2004,-0.879058709726227,0.743346978474258,-2.33643813376156,0.578320714309109,3968,,"HC1",34.5555213464696,33.8038964732651,1624,2344,8400,TRUE,FALSE,"other_trait"
2004,3.28728569562246,1.24762165123705,0.778774239280705,5.79579715196422,4031,49,"state",41.6432465172622,44.9305322128851,1651,2380,8538,FALSE,FALSE,"gap_trait"
2004,3.28728569562246,1.46388372178651,0.283644402682168,6.29092698856276,4031,28,"date",41.6432465172622,44.9305322128851,1651,2380,8538,FALSE,FALSE,"gap_trait"
2004,3.28728569562246,1.18994830148784,0.954329033904461,5.62024235734047,4031,,"HC1",41.6432465172622,44.9305322128851,1651,2380,8538,FALSE,FALSE,"gap_trait"
2004,3.81826743197506,1.22428604496965,1.35667535668477,6.27985950726535,3968,49,"state",41.5660919540229,44.9628839590443,1624,2344,8400,TRUE,FALSE,"gap_trait"
2004,3.81826743197506,1.44619380430813,0.850922851550933,6.7856120123992,3968,28,"date",41.5660919540229,44.9628839590443,1624,2344,8400,TRUE,FALSE,"gap_trait"
2004,3.81826743197506,1.19428756388947,1.476790070264,6.15974479368613,3968,,"HC1",41.5660919540229,44.9628839590443,1624,2344,8400,TRUE,FALSE,"gap_trait"
2004,-0.664625415403095,0.723894505153627,-2.12011286831817,0.790862037511982,6159,49,"state",105.428907168038,104.764281752635,2553,3606,13022,FALSE,FALSE,"sum_fav"
2004,-0.664625415403095,0.646154856062487,-1.99042566744403,0.661174836637842,6159,28,"date",105.428907168038,104.764281752635,2553,3606,13022,FALSE,FALSE,"sum_fav"
2004,-0.664625415403095,0.648253075256016,-1.93542791375776,0.60617708295157,6159,,"HC1",105.428907168038,104.764281752635,2553,3606,13022,FALSE,FALSE,"sum_fav"
2004,-0.463707910922108,0.688046988892576,-1.84711910166822,0.919703279823999,6053,49,"state",105.352730171383,104.794018058691,2509,3544,12798,TRUE,FALSE,"sum_fav"
2004,-0.463707910922108,0.630322152452765,-1.75702213853823,0.829606316694014,6053,28,"date",105.352730171383,104.794018058691,2509,3544,12798,TRUE,FALSE,"sum_fav"
2004,-0.463707910922108,0.644943549487562,-1.72802743996351,0.800611618119299,6053,,"HC1",105.352730171383,104.794018058691,2509,3544,12798,TRUE,FALSE,"sum_fav"
2004,1.89707502625497,0.611693209168045,0.667183398898994,3.12696665361095,4031,49,"state",110.635978195033,112.533053221289,1651,2380,8538,FALSE,FALSE,"sum_trait"
2004,1.89707502625497,0.79518455956554,0.265491080704463,3.52865897180549,4031,28,"date",110.635978195033,112.533053221289,1651,2380,8538,FALSE,FALSE,"sum_trait"
2004,1.89707502625497,0.670343703294371,0.582830696240017,3.21131935626993,4031,,"HC1",110.635978195033,112.533053221289,1651,2380,8538,FALSE,FALSE,"sum_trait"
2004,2.06015001252256,0.603195668281004,0.847343836228396,3.27295618881672,3968,49,"state",110.677134646962,112.570676905574,1624,2344,8400,TRUE,FALSE,"sum_trait"
2004,2.06015001252256,0.847026793657462,0.322194589019728,3.79810543602539,3968,28,"date",110.677134646962,112.570676905574,1624,2344,8400,TRUE,FALSE,"sum_trait"
2004,2.06015001252256,0.663008228903796,0.76027985934891,3.36002016569621,3968,,"HC1",110.677134646962,112.570676905574,1624,2344,8400,TRUE,FALSE,"sum_trait"
2008,0.440399284711439,0.654971540025192,-0.876509258917883,1.75730782834076,4461,49,"state",78.4122919334187,78.8526912181303,2343,2118,9701,FALSE,FALSE,"own_fav"
2008,0.440399284711439,0.667601007890903,-0.929404836112112,1.81020340553499,4461,28,"date",78.4122919334187,78.8526912181303,2343,2118,9701,FALSE,FALSE,"own_fav"
2008,0.440399284711439,0.655936587767272,-0.845561867096837,1.72636043651971,4461,,"HC1",78.4122919334187,78.8526912181303,2343,2118,9701,FALSE,FALSE,"own_fav"
2008,0.803852660752534,0.626689631194079,-0.456191293968993,2.06389661547406,4294,49,"state",78.2993799822852,78.934184675835,2258,2036,9300,TRUE,FALSE,"own_fav"
2008,0.803852660752534,0.63028656953152,-0.489388556739911,2.09709387824498,4294,28,"date",78.2993799822852,78.934184675835,2258,2036,9300,TRUE,FALSE,"own_fav"
2008,0.803852660752534,0.660378104212946,-0.490830768553856,2.09853609005892,4294,,"HC1",78.2993799822852,78.934184675835,2258,2036,9300,TRUE,FALSE,"own_fav"
2008,-1.51851274182971,0.684685313044447,-2.89516483027171,-0.141860653387721,4461,49,"state",34.861288945796,33.342776203966,2343,2118,9701,FALSE,FALSE,"other_fav"
2008,-1.51851274182971,0.780926865489155,-3.12084231557966,0.0838168319202302,4461,28,"date",34.861288945796,33.342776203966,2343,2118,9701,FALSE,FALSE,"other_fav"
2008,-1.51851274182971,0.813987123108215,-3.11433135891947,0.0773058752600466,4461,,"HC1",34.861288945796,33.342776203966,2343,2118,9701,FALSE,FALSE,"other_fav"
2008,-1.59182112069209,0.623585269529584,-2.84562333795074,-0.33801890343343,4294,49,"state",35,33.3300589390963,2258,2036,9300,TRUE,FALSE,"other_fav"
2008,-1.59182112069209,0.766277606725119,-3.16409289826616,-0.0195493431180089,4294,28,"date",35,33.3300589390963,2258,2036,9300,TRUE,FALSE,"other_fav"
2008,-1.59182112069209,0.821770713288689,-3.20291773094717,0.0192754895629985,4294,,"HC1",35,33.3300589390963,2258,2036,9300,TRUE,FALSE,"other_fav"
2008,1.95891202654132,1.1269594582106,-0.306991830570281,4.22481588365291,4461,49,"state",43.5510029876227,45.5099150141643,2343,2118,9701,FALSE,FALSE,"gap_fav"
2008,1.95891202654132,1.27969573802008,-0.66680674053804,4.58463079362067,4461,28,"date",43.5510029876227,45.5099150141643,2343,2118,9701,FALSE,FALSE,"gap_fav"
2008,1.95891202654132,1.20936201494159,-0.412037541893565,4.3298615949762,4461,,"HC1",43.5510029876227,45.5099150141643,2343,2118,9701,FALSE,FALSE,"gap_fav"
2008,2.39567378144459,1.02108150977473,0.342651807524098,4.44869575536508,4294,49,"state",43.2993799822852,45.6041257367387,2258,2036,9300,TRUE,FALSE,"gap_fav"
2008,2.39567378144459,1.23749643543955,-0.143459168825864,4.93480673171504,4294,28,"date",43.2993799822852,45.6041257367387,2258,2036,9300,TRUE,FALSE,"gap_fav"
2008,2.39567378144459,1.22480621408677,-0.00558134705418656,4.79692890994336,4294,,"HC1",43.2993799822852,45.6041257367387,2258,2036,9300,TRUE,FALSE,"gap_fav"
2008,0.528403408673653,0.633061058627963,-0.744451159502121,1.80125797684943,4450,49,"state",79.6225742009133,80.1509776095869,2336,2114,9672,FALSE,FALSE,"own_trait"
2008,0.528403408673653,0.652106882614685,-0.809609393081985,1.86641621042929,4450,28,"date",79.6225742009133,80.1509776095869,2336,2114,9672,FALSE,FALSE,"own_trait"
2008,0.528403408673653,0.602515752989354,-0.652827195629406,1.70963401297671,4450,,"HC1",79.6225742009133,80.1509776095869,2336,2114,9672,FALSE,FALSE,"own_trait"
2008,0.784107137058508,0.544831331548066,-0.311349675194725,1.87956394931174,4283,49,"state",79.517992003554,80.2054625984252,2251,2032,9273,TRUE,FALSE,"own_trait"
2008,0.784107137058508,0.637931408988321,-0.524819995324994,2.09303426944201,4283,28,"date",79.517992003554,80.2054625984252,2251,2032,9273,TRUE,FALSE,"own_trait"
2008,0.784107137058508,0.59467291431599,-0.381760907759007,1.94997518187602,4283,,"HC1",79.517992003554,80.2054625984252,2251,2032,9273,TRUE,FALSE,"own_trait"
2008,-2.12412534073782,0.63287011586663,-3.39659599276095,-0.851654688714703,4450,49,"state",43.0087043378995,40.8845789971618,2336,2114,9672,FALSE,FALSE,"other_trait"
2008,-2.12412534073782,0.635435513376551,-3.42793131833915,-0.8203193631365,4450,28,"date",43.0087043378995,40.8845789971618,2336,2114,9672,FALSE,FALSE,"other_trait"
2008,-2.12412534073782,0.804590909554472,-3.70152377653701,-0.546726904938637,4450,,"HC1",43.0087043378995,40.8845789971618,2336,2114,9672,FALSE,FALSE,"other_trait"
2008,-2.06878284210789,0.568340667268928,-3.21150834189015,-0.926057342325635,4283,49,"state",43.1711831778469,40.8513779527559,2251,2032,9273,TRUE,FALSE,"other_trait"
2008,-2.06878284210789,0.581676229426955,-3.2622838803573,-0.875281803858476,4283,28,"date",43.1711831778469,40.8513779527559,2251,2032,9273,TRUE,FALSE,"other_trait"
2008,-2.06878284210789,0.766848758896912,-3.57220504561322,-0.565360638602561,4283,,"HC1",43.1711831778469,40.8513779527559,2251,2032,9273,TRUE,FALSE,"other_trait"
2008,2.65252874941144,1.04090672650924,0.559645505647111,4.74541199317577,4450,49,"state",36.6138698630137,39.2663986124251,2336,2114,9672,FALSE,FALSE,"gap_trait"
2008,2.65252874941144,1.09441371455404,0.40697729223491,4.89808020658797,4450,28,"date",36.6138698630137,39.2663986124251,2336,2114,9672,FALSE,FALSE,"gap_trait"
2008,2.65252874941144,1.15094412324323,0.396105717362225,4.90895178146066,4450,,"HC1",36.6138698630137,39.2663986124251,2336,2114,9672,FALSE,FALSE,"gap_trait"
2008,2.85288997916639,0.878419753713784,1.08670869056574,4.61907126776704,4283,49,"state",36.3468088257071,39.3540846456693,2251,2032,9273,TRUE,FALSE,"gap_trait"
2008,2.85288997916639,1.03208913464462,0.735217996974823,4.97056196135796,4283,28,"date",36.3468088257071,39.3540846456693,2251,2032,9273,TRUE,FALSE,"gap_trait"
2008,2.85288997916639,1.09833907395049,0.699574437350888,5.00620552098189,4283,,"HC1",36.3468088257071,39.3540846456693,2251,2032,9273,TRUE,FALSE,"gap_trait"
2008,-1.07811345711853,0.724931563551463,-2.53568605569398,0.379459141456926,4461,49,"state",113.273580879215,112.195467422096,2343,2118,9701,FALSE,FALSE,"sum_fav"
2008,-1.07811345711853,0.688080349997403,-2.48993771703363,0.33371080279658,4461,28,"date",113.273580879215,112.195467422096,2343,2118,9701,FALSE,FALSE,"sum_fav"
2008,-1.07811345711853,0.850352400085936,-2.74522605954196,0.588999145304904,4461,,"HC1",113.273580879215,112.195467422096,2343,2118,9701,FALSE,FALSE,"sum_fav"
2008,-0.787968459939564,0.721518894303589,-2.23867942710896,0.662742507229836,4294,49,"state",113.299379982285,112.264243614931,2258,2036,9300,TRUE,FALSE,"sum_fav"
2008,-0.787968459939564,0.661428479032134,-2.14510759768684,0.569170677807708,4294,28,"date",113.299379982285,112.264243614931,2258,2036,9300,TRUE,FALSE,"sum_fav"
2008,-0.787968459939564,0.850095541348278,-2.45459641699848,0.878659497119348,4294,,"HC1",113.299379982285,112.264243614931,2258,2036,9300,TRUE,FALSE,"sum_fav"
2008,-1.59572193206413,0.72048245067055,-3.04434898964062,-0.147094874487637,4450,49,"state",122.631278538813,121.035556606749,2336,2114,9672,FALSE,FALSE,"sum_trait"
2008,-1.59572193206413,0.67845558249834,-2.98779780031063,-0.203646063817629,4450,28,"date",122.631278538813,121.035556606749,2336,2114,9672,FALSE,FALSE,"sum_trait"
2008,-1.59572193206413,0.834332759663617,-3.23142918950526,0.0399853253769984,4450,,"HC1",122.631278538813,121.035556606749,2336,2114,9672,FALSE,FALSE,"sum_trait"
2008,-1.28467570504938,0.684166152408638,-2.66028395107222,0.0909325409734705,4283,49,"state",122.689175181401,121.056840551181,2251,2032,9273,TRUE,FALSE,"sum_trait"
2008,-1.28467570504938,0.652226536608923,-2.62293401652181,0.0535826064230593,4283,28,"date",122.689175181401,121.056840551181,2251,2032,9273,TRUE,FALSE,"sum_trait"
2008,-1.28467570504938,0.822822621662268,-2.89783577683847,0.328484366739716,4283,,"HC1",122.689175181401,121.056840551181,2251,2032,9273,TRUE,FALSE,"sum_trait"
