"year","week","n","favorability","traits","ideology","complete_traits"
2000,-315,45,0.977777777777778,0.377777777777778,0.222222222222222,0.355555555555556
2000,-308,321,0.962616822429907,0.320872274143302,0.302180685358255,0.299065420560748
2000,-301,306,0.92483660130719,0.326797385620915,0.271241830065359,0.30718954248366
2000,-294,333,0.951951951951952,0.318318318318318,0.24024024024024,0.297297297297297
2000,-287,390,0.943589743589744,0.282051282051282,0.3,0.258974358974359
2000,-280,470,0.931914893617021,0.334042553191489,0.280851063829787,0.293617021276596
2000,-273,400,0.9375,0.3125,0.2675,0.28
2000,-266,340,0.935294117647059,0.244117647058824,0.308823529411765,0.214705882352941
2000,-259,374,0.911764705882353,0.302139037433155,0.27807486631016,0.267379679144385
2000,-252,392,0.928571428571429,0.331632653061224,0.275510204081633,0.306122448979592
2000,-245,412,0.912621359223301,0.313106796116505,0.286407766990291,0.274271844660194
2000,-238,564,0.932624113475177,0.297872340425532,0.274822695035461,0.26241134751773
2000,-231,459,0.932461873638344,0.337690631808279,0.289760348583878,0.311546840958606
2000,-224,384,0.924479166666667,0.28125,0.265625,0.255208333333333
2000,-217,248,0.931451612903226,0.971774193548387,0.915322580645161,0.879032258064516
2000,-210,238,0.957983193277311,0.978991596638655,0.92436974789916,0.890756302521008
2000,-203,214,0.929906542056075,0.976635514018692,0.911214953271028,0.878504672897196
2000,-196,242,0.933884297520661,0.983471074380165,0.93801652892562,0.87603305785124
2000,-189,203,0.945812807881773,0.975369458128079,0.926108374384236,0.87192118226601
2000,-182,222,0.941441441441441,0.968468468468468,0.90990990990991,0.806306306306306
2000,-175,204,0.936274509803922,0.965686274509804,0.906862745098039,0.862745098039216
2000,-168,170,0.941176470588235,0.98235294117647,0.929411764705882,0.876470588235294
2000,-161,185,0.956756756756757,0.972972972972973,0.897297297297297,0.85945945945946
2000,-154,201,0.940298507462687,0.970149253731343,0.890547263681592,0.865671641791045
2000,-147,193,0.94300518134715,0.953367875647668,0.896373056994819,0.839378238341969
2000,-140,202,0.925742574257426,0.98019801980198,0.900990099009901,0.841584158415842
2000,-133,177,0.949152542372881,0.954802259887006,0.909604519774011,0.870056497175141
2000,-126,629,0.947535771065183,0.980922098569157,0.926868044515103,0.887122416534181
2000,-119,1070,0.948598130841122,0.973831775700935,0.931775700934579,0.885046728971963
2000,-112,1229,0.948738812042311,0.97640358014646,0.922701383238405,0.873881204231082
2000,-105,1250,0.9496,0.98,0.9344,0.8784
2000,-98,1279,0.948397185301016,0.985144644253323,0.926505082095387,0.896794370602033
2000,-91,1269,0.96059889676911,0.981087470449173,0.929078014184397,0.870764381402679
2000,-84,1342,0.950819672131147,0.987332339791356,0.941132637853949,0.895678092399404
2000,-77,1282,0.966458658346334,0.986739469578783,0.939157566302652,0.898595943837754
2000,-70,1169,0.945252352437981,0.981180496150556,0.926432848588537,0.875106928999145
2000,-63,1208,0.966059602649007,0.990066225165563,0.940397350993378,0.889072847682119
2000,-56,1207,0.956917978458989,0.987572493786247,0.932062966031483,0.908864954432477
2000,-49,1173,0.959931798806479,0.9846547314578,0.924978687127025,0.890878090366581
2000,-42,1279,0.971853010164191,0.992181391712275,0.879593432369038,0.89601250977326
2000,-35,1191,0.960537363560034,0.98992443324937,0.488664987405542,0.910999160369437
2000,-28,1264,0.96756329113924,0.988132911392405,0.480221518987342,0.911392405063291
2000,-21,1228,0.960097719869707,0.986970684039088,0.486156351791531,0.90228013029316
2000,-14,1306,0.967075038284839,0.98698315467075,0.487748851454824,0.903522205206738
2000,-7,1303,0.972371450498849,0.993092862624712,0.46968534151957,0.917114351496546
2004,-308,458,0.718340611353712,0.185589519650655,0,0
2004,-301,715,0.727272727272727,0.206993006993007,0,0
2004,-294,766,0.766318537859008,0.233681462140992,0.0248041775456919,0
2004,-287,628,0.85031847133758,0.294585987261146,0.281847133757962,0
2004,-280,801,0.866416978776529,0.292134831460674,0.267166042446941,0
2004,-273,887,0.900789177001127,0.351747463359639,0.328072153325817,0
2004,-266,832,0.884615384615385,0.748798076923077,0.716346153846154,0
2004,-259,876,0.897260273972603,0.827625570776256,0.77283105022831,0
2004,-252,839,0.902264600715137,0.837902264600715,0.784266984505363,0
2004,-245,893,0.923852183650616,0.872340425531915,0.802911534154535,0
2004,-238,594,0.909090909090909,0.86026936026936,0.803030303030303,0
2004,-231,456,0.927631578947368,0.870614035087719,0.826754385964912,0
2004,-224,422,0.936018957345972,0.886255924170616,0.808056872037915,0
2004,-217,436,0.926605504587156,0.894495412844037,0.821100917431193,0.754587155963303
2004,-210,350,0.942857142857143,0.891428571428571,0.848571428571429,0.777142857142857
2004,-203,415,0.946987951807229,0.872289156626506,0.824096385542169,0.75421686746988
2004,-196,604,0.963576158940397,0.589403973509934,0.849337748344371,0.513245033112583
2004,-189,982,0.946028513238289,0.589613034623218,0.845213849287169,0.505091649694501
2004,-182,1139,0.968393327480246,0.628621597892889,0.874451273046532,0.546093064091308
2004,-175,1230,0.964227642276423,0.594308943089431,0.858536585365854,0.517886178861789
2004,-168,1248,0.96875,0.602564102564103,0.862980769230769,0.530448717948718
2004,-161,1118,0.957960644007156,0.625223613595707,0.853309481216458,0.547406082289803
2004,-154,1034,0.971953578336557,0.648936170212766,0.861702127659574,0.551257253384913
2004,-147,524,0.950381679389313,0.610687022900763,0.851145038167939,0.515267175572519
2004,-140,358,0.972067039106145,0.625698324022346,0.871508379888268,0.539106145251397
2004,-133,473,0.972515856236786,0.651162790697674,0.887949260042283,0.560253699788584
2004,-126,717,0.96652719665272,0.617852161785216,0.874476987447699,0.557880055788006
2004,-119,1033,0.97676669893514,0.610842207163601,0.868344627299129,0.530493707647628
2004,-112,1001,0.966033966033966,0.622377622377622,0.877122877122877,0.535464535464535
2004,-105,1150,0.964347826086957,0.591304347826087,0.867826086956522,0.52
2004,-98,1321,0.971233913701741,0.630582891748675,0.886449659348978,0.550340651021953
2004,-91,1197,0.972431077694236,0.644945697577276,0.890559732664996,0.555555555555556
2004,-84,1214,0.976935749588138,0.630971993410214,0.890444810543657,0.558484349258649
2004,-77,1311,0.977116704805492,0.655987795575896,0.895499618611747,0.598016781083143
2004,-70,1340,0.983582089552239,0.647014925373134,0.888805970149254,0.58134328358209
2004,-63,1267,0.974743488555643,0.632991318074191,0.892659826361484,0.56353591160221
2004,-56,1331,0.982719759579264,0.639368895567243,0.885048835462059,0.569496619083396
2004,-49,1382,0.985528219971056,0.619392185238784,0.886396526772793,0.555716353111433
2004,-42,1295,0.983011583011583,0.645559845559846,0.901158301158301,0.588416988416988
2004,-35,1580,0.990506329113924,0.65,0.926582278481013,0.589873417721519
2004,-28,1478,0.987821380243572,0.660351826792963,0.922192151556157,0.604194857916103
2004,-21,1431,0.989517819706499,0.658280922431866,0.932215234102027,0.606568832983927
2004,-14,1672,0.991626794258373,0.64055023923445,0.927631578947368,0.590909090909091
2004,-7,1972,0.987829614604463,0.663793103448276,0.928498985801217,0.607505070993915
2008,-308,990,0.895959595959596,0,0.74949494949495,0
2008,-301,958,0.932150313152401,0,0.821503131524008,0
2008,-294,988,0.93421052631579,0,0.80668016194332,0
2008,-287,1083,0.915974145891043,0,0.78393351800554,0
2008,-280,1094,0.925045703839122,0,0.797074954296161,0
2008,-273,1155,0.933333333333333,0,0.812121212121212,0
2008,-266,1185,0.947679324894515,0,0.854852320675106,0
2008,-259,1078,0.948051948051948,0,0.837662337662338,0
2008,-252,1185,0.950210970464135,0,0.838818565400844,0
2008,-245,1009,0.943508424182359,0.504459861248761,0.854311199207136,0.467789890981169
2008,-238,780,0.944871794871795,0.92948717948718,0.851282051282051,0.852564102564103
2008,-231,633,0.954186413902054,0.944707740916272,0.854660347551343,0.881516587677725
2008,-224,570,0.968421052631579,0.947368421052632,0.86140350877193,0.882456140350877
2008,-217,605,0.958677685950413,0.938842975206612,0.874380165289256,0.884297520661157
2008,-210,673,0.961367013372957,0.953937592867756,0.894502228826152,0.87964338781575
2008,-203,630,0.952380952380952,0.944444444444444,0.880952380952381,0.876190476190476
2008,-196,724,0.962707182320442,0.953038674033149,0.88121546961326,0.874309392265193
2008,-189,691,0.962373371924747,0.947901591895803,0.881331403762663,0.904486251808972
2008,-182,625,0.9552,0.944,0.8832,0.8704
2008,-175,700,0.948571428571429,0.927142857142857,0.855714285714286,0.874285714285714
2008,-168,652,0.966257668711656,0.95398773006135,0.884969325153374,0.889570552147239
2008,-161,675,0.965925925925926,0.955555555555556,0.899259259259259,0.888888888888889
2008,-154,549,0.965391621129326,0.950819672131147,0.896174863387978,0.872495446265938
2008,-147,312,0.951923076923077,0.94551282051282,0.881410256410256,0.871794871794872
2008,-140,265,0.954716981132075,0.947169811320755,0.886792452830189,0.879245283018868
2008,-133,242,0.975206611570248,0.975206611570248,0.892561983471074,0.896694214876033
2008,-126,228,0.947368421052632,0.93421052631579,0.837719298245614,0.864035087719298
2008,-119,228,0.93859649122807,0.93421052631579,0.855263157894737,0.87280701754386
2008,-112,243,0.979423868312757,0.967078189300412,0.888888888888889,0.905349794238683
2008,-105,237,0.983122362869198,0.974683544303797,0.877637130801688,0.90295358649789
2008,-98,530,0.981132075471698,0.967924528301887,0.89811320754717,0.886792452830189
2008,-91,962,0.972972972972973,0.966735966735967,0.899168399168399,0.898128898128898
2008,-84,956,0.971757322175732,0.964435146443515,0.910041841004184,0.908995815899582
2008,-77,1165,0.963090128755365,0.956223175965665,0.890987124463519,0.898712446351931
2008,-70,1175,0.973617021276596,0.968510638297872,0.90468085106383,0.894468085106383
2008,-63,1249,0.981585268214572,0.979183346677342,0.926341072858287,0.921537229783827
2008,-56,1167,0.970865467009426,0.965724078834619,0.898886032562125,0.904027420736932
2008,-49,1074,0.982309124767225,0.978584729981378,0.908752327746741,0.916201117318436
2008,-42,1109,0.979260595130748,0.974752028854824,0.909828674481515,0.925157799819657
2008,-35,1045,0.981818181818182,0.97799043062201,0.917703349282297,0.933971291866029
2008,-28,878,0.989749430523918,0.988610478359909,0.930523917995444,0.952164009111617
2008,-21,1044,0.990421455938697,0.988505747126437,0.917624521072797,0.931034482758621
2008,-14,1091,0.984417965169569,0.983501374885426,0.931255728689276,0.933088909257562
2008,-7,1066,0.979362101313321,0.976547842401501,0.919324577861163,0.935272045028143
