"sample","outcome","arm","available","missing","n","estimate","se","lower","upper"
"selected","party","1",300,7,293,45.5563139931741,1.63190122368096,42.3445342607224,48.7680937256257
"selected","party","2",150,8,142,47.7816901408451,2.48905537973075,42.8609981837009,52.7023820979893
"selected","party","3",150,2,148,47.2567567567568,2.27945413687738,42.7520235653605,51.7614899481531
"selected","party","4",150,1,149,51.1275167785235,2.32747313585615,46.5281447614765,55.7268887955705
"selected","party","5",150,3,147,46.0952380952381,2.38396417469319,41.3837008578759,50.8067753326003
"selected","party","6",150,3,147,51.0680272108844,2.51191661542318,46.1036117232908,56.0324426984779
"selected","party","7",150,6,144,49.6180555555556,2.27320111961167,45.1246366380939,54.1114744730172
"selected","candidate","1",300,11,289,54.4948096885813,1.66609073892402,51.2155512937972,57.7740680833654
"selected","candidate","2",150,4,146,57.0958904109589,2.45057576196921,52.2524265122584,61.9393543096594
"selected","candidate","3",150,4,146,54.6849315068493,2.44711186665471,49.8483138571671,59.5215491565315
"selected","candidate","4",150,3,147,57.3197278911565,2.32299959675159,52.7286777324933,61.9107780498196
"selected","candidate","5",150,6,144,55.9444444444444,2.43267501108849,51.1357947299271,60.7530941589618
"selected","candidate","6",150,6,144,58.6875,2.40274037309591,53.9380218508504,63.4369781491496
"selected","candidate","7",150,4,146,58.5616438356164,2.43255693958266,53.7537934107293,63.3694942605036
"available","party","1",324,8,316,45.632911392405,1.56607024968202,42.5516313238751,48.714191460935
"available","party","2",160,8,152,48.7236842105263,2.40816327948441,43.9656377945431,53.4817306265095
"available","party","3",159,3,156,47.3846153846154,2.2264011311002,42.9866112416735,51.7826195275573
"available","party","4",158,1,157,52.4458598726115,2.28132100303766,47.9395949942497,56.9521247509733
"available","party","5",160,3,157,46.8535031847134,2.35073447657156,42.2101267392138,51.496879630213
"available","party","6",152,3,149,51.3691275167785,2.4875228090398,46.4534777404577,56.2847772930993
"available","party","7",151,6,145,49.3448275862069,2.27394410068091,44.8502063757088,53.839448796705
"available","candidate","1",324,13,311,54.2347266881029,1.62176445760036,51.043668455669,57.4257849205368
"available","candidate","2",160,4,156,57.4423076923077,2.34544135542684,52.8091530221531,62.0754623624624
"available","candidate","3",159,4,155,55.0064516129032,2.36672394211873,50.3310167281104,59.6818864976961
"available","candidate","4",158,3,155,58.2967741935484,2.24446765163999,53.8628551506403,62.7306932364564
"available","candidate","5",160,6,154,56.5584415584416,2.37521056858953,51.865998563038,61.2508845538451
"available","candidate","6",152,6,146,59.1506849315069,2.39232638906051,54.4223485629091,63.8790213001046
"available","candidate","7",151,4,147,58.4897959183673,2.4170203664752,53.7129282200194,63.2666636167153
