"sample","outcome","comparison","estimate","se","lower","upper","p","p_holm"
"selected","party","negative_minus_positive",1.09215398808005,2.37127203362703,-3.55545379537599,5.73976177153608,0.645101925845699,1
"selected","party","negative_minus_control",3.0550634437069,2.33199607631308,-1.51556487795546,7.62569176536925,0.190174282030249,1
"selected","party","arm2_minus_control",2.22537614767099,2.9763229473997,-3.60810963559252,8.0588619309345,0.454645290689428,1
"selected","party","arm3_minus_control",1.7004427635827,2.80339308088944,-3.79410670946939,7.19499223663479,0.544139008529623,1
"selected","party","arm4_minus_control",5.57120278534961,2.84257503014142,-0.00014189708043677,11.1425474677797,0.0500058352658343,0.800093364253349
"selected","party","arm5_minus_control",0.538924102064179,2.88901138628287,-5.12343416597638,6.20128237010473,0.852019164751507,1
"selected","party","arm6_minus_control",5.51171321771027,2.99546769081064,-0.359295573131948,11.3827220085525,0.0657656560679382,0.986484841019073
"selected","party","arm7_minus_control",4.06174156238147,2.79831108600441,-1.42284738372633,9.54633050848928,0.146641376204913,1
"selected","candidate","negative_minus_positive",0.741675208896318,2.41391346619735,-3.98950824664674,5.47285866443938,0.758652996859954,1
"selected","candidate","negative_minus_control",2.13727647921911,2.36736500340547,-2.50267366571616,6.77722662415438,0.366627711437673,1
"selected","candidate","arm2_minus_control",2.60108072237757,2.96330557241054,-3.20689147473395,8.40905291948908,0.380072213223778,1
"selected","candidate","arm3_minus_control",0.190121818268011,2.96044166270013,-5.61223721895611,5.99248085549213,0.948794446145988,1
"selected","candidate","arm4_minus_control",2.82491820257497,2.85870346080813,-2.77803762308898,8.42787402823892,0.32306371053237,1
"selected","candidate","arm5_minus_control",1.44963475586325,2.94851929956424,-4.32935687900392,7.22862639073043,0.622967931317185,1
"selected","candidate","arm6_minus_control",4.19269031141869,2.9238706624667,-1.53799088246931,9.92337150530668,0.151585948653817,1
"selected","candidate","arm7_minus_control",4.06683414703512,2.94842188545671,-1.71196655968972,9.84563485375996,0.167794349203254,1
"available","party","negative_minus_positive",1.5955317310916,2.31767612467016,-2.94703000109027,6.13809346327347,0.491189111448708,1
"available","party","negative_minus_control",4.01677013625741,2.26609147024118,-0.424687531088728,8.45822780360355,0.0763025932453826,1
"available","party","arm2_minus_control",3.09077281812128,2.87259924242771,-2.53941823905406,8.72096387529663,0.281949671001797,1
"available","party","arm3_minus_control",1.75170399221034,2.72202829219377,-3.58337342538852,7.0867814098092,0.519880939998653,1
"available","party","arm4_minus_control",6.81294848020652,2.76712875483594,1.38947578014291,12.2364211802701,0.0138126041442742,0.221001666308388
"available","party","arm5_minus_control",1.2205917923083,2.82462893249384,-4.31557918506944,6.75676276968605,0.665650819038806,1
"available","party","arm6_minus_control",5.73621612437346,2.93944650443453,-0.0249931588003678,11.4974254075473,0.0510021944216192,0.765032916324288
"available","party","arm7_minus_control",3.7119161938019,2.76105012630351,-1.69964261326275,9.12347500086656,0.178823708800344,1
"available","candidate","negative_minus_positive",1.20322822338954,2.3335454599355,-3.37043683437099,5.77689328115008,0.606118188425551,1
"available","candidate","negative_minus_control",3.1928811878921,2.3021587753748,-1.31926709853535,7.70502947431955,0.165469981698187,1
"available","candidate","arm2_minus_control",3.20758100420478,2.85152855635049,-2.38131226712967,8.79647427553923,0.260646790084726,1
"available","candidate","arm3_minus_control",0.771724924800317,2.86905945810362,-4.85152828258677,6.39497813218741,0.787943648646071,1
"available","candidate","arm4_minus_control",4.06204750544557,2.7690711430359,-1.36523220553396,9.4893272164251,0.14239372566655,1
"available","candidate","arm5_minus_control",2.32371487033863,2.87606418584064,-3.31326735113453,7.96069709181178,0.419119604067403,1
"available","candidate","arm6_minus_control",4.91595824340396,2.89021547773364,-0.748760000514204,10.5806764873221,0.0889623685441396,1
"available","candidate","arm7_minus_control",4.25506923026446,2.91068847661368,-1.44977535411411,9.95991381464303,0.143774853565136,1
