"spec","target","leaners","sample","measure","n","estimate","se","lower","upper"
"original","party",TRUE,"paired","own",938,-2.6114260556024,1.04081484432278,-4.65402694359285,-0.568825167611942
"original","party",TRUE,"paired","other",938,0.559307710091807,0.962431767970657,-1.32946625831389,2.4480816784975
"original","party",TRUE,"paired","gap",938,-3.17073376569421,1.47990774718222,-6.07505521636032,-0.26641231502809
"original","party",TRUE,"five_wave","own",931,-2.58337290978984,1.04634931888886,-4.63685524691417,-0.529890572665516
"original","party",TRUE,"five_wave","other",931,0.474855806743776,0.967600171494866,-1.42407968802308,2.37379130151063
"original","party",TRUE,"five_wave","gap",931,-3.05822871653362,1.48651148208451,-5.97553846891593,-0.140918964151313
"original","candidate",TRUE,"paired","own",937,5.56528552826678,1.23459646891208,3.14238451997157,7.98818653656199
"original","candidate",TRUE,"paired","other",937,-12.3470566407556,1.31492072667688,-14.9275943587203,-9.76651892279083
"original","candidate",TRUE,"paired","gap",937,17.9123421690224,1.85581565852805,14.2702957648075,21.5543885732373
"original","candidate",TRUE,"five_wave","own",929,5.56659074829093,1.24395553694219,3.12529522050469,8.00788627607717
"original","candidate",TRUE,"five_wave","other",929,-12.3834165621868,1.32547640743541,-14.9846989469354,-9.78213417743816
"original","candidate",TRUE,"five_wave","gap",929,17.9500073104777,1.87072980203337,14.2786507677617,21.6213638531937
"original","party",FALSE,"paired","own",714,-3.63404895586501,1.12330742621693,-5.83943999941631,-1.42865791231372
"original","party",FALSE,"paired","other",714,0.842567702445326,1.10645560591111,-1.32973813869157,3.01487354358222
"original","party",FALSE,"paired","gap",714,-4.47661665831034,1.71025371886632,-7.83436018048277,-1.1188731361379
"original","party",FALSE,"five_wave","own",709,-3.5919358007473,1.13089480496741,-5.8122498927152,-1.3716217087794
"original","party",FALSE,"five_wave","other",709,0.717901545970286,1.11218954897388,-1.46568804846356,2.90149114040414
"original","party",FALSE,"five_wave","gap",709,-4.30983734671758,1.71877669188086,-7.68435466978463,-0.935320023650543
"original","candidate",FALSE,"paired","own",714,6.2543665845402,1.34813056553387,3.60757995660956,8.90115321247083
"original","candidate",FALSE,"paired","other",714,-12.7891620034114,1.57484873790912,-15.8810647367795,-9.69725927004324
"original","candidate",FALSE,"paired","gap",714,19.0435285879516,2.13683646102211,14.848274570498,23.2387826054051
"original","candidate",FALSE,"five_wave","own",708,6.21760547341136,1.35848306634076,3.55045517007264,8.88475577675007
"original","candidate",FALSE,"five_wave","other",708,-12.8212521925449,1.58691471995046,-15.9368891714359,-9.70561521365386
"original","candidate",FALSE,"five_wave","gap",708,19.0388576659563,2.15486346052712,14.8081499929636,23.2695653389489
"late","party",TRUE,"paired","own",2103,-2.21625730732111,0.607077750504393,-3.40679368323828,-1.02572093140395
"late","party",TRUE,"paired","other",2103,1.36739949863052,0.638504693487633,0.115231941576621,2.61956705568443
"late","party",TRUE,"paired","gap",2103,-3.58365680595164,0.923675235088939,-5.39507052683591,-1.77224308506736
"late","party",TRUE,"cohort2","own",889,-1.10942107342677,0.993022982533316,-3.05836974954711,0.839527602693565
"late","party",TRUE,"cohort2","other",889,2.12660586541237,1.02295431620679,0.118912694790396,4.13429903603435
"late","party",TRUE,"cohort2","gap",889,-3.23602693883915,1.46085788216334,-6.10316806801909,-0.368885809659213
"late","candidate",TRUE,"paired","own",2104,-1.12774593150307,0.502923836631034,-2.11402644851864,-0.141465414487508
"late","candidate",TRUE,"paired","other",2104,-1.9893977784491,0.69726607510172,-3.35680153814257,-0.621994018755633
"late","candidate",TRUE,"paired","gap",2104,0.86165184694603,0.846561359829643,-0.798533880680823,2.52183757457288
"late","candidate",TRUE,"cohort2","own",889,-1.17732901984319,0.806935384602729,-2.76105434866092,0.406396308974547
"late","candidate",TRUE,"cohort2","other",889,-1.79761613772154,1.15057660038483,-4.05578617158561,0.460553896142537
"late","candidate",TRUE,"cohort2","gap",889,0.620287117878348,1.33671786320461,-2.00321158825721,3.2437858240139
"late","party",FALSE,"paired","own",1610,-1.75577916575693,0.67560762688636,-3.08094323927928,-0.430615092234573
"late","party",FALSE,"paired","other",1610,1.76034502759413,0.740038118105002,0.308804387549227,3.21188566763903
"late","party",FALSE,"paired","gap",1610,-3.51612419335106,1.08403520651232,-5.6423946096931,-1.38985377700902
"late","party",FALSE,"cohort2","own",692,-1.32051238421471,1.10767601548361,-3.49533232882683,0.854307560397413
"late","party",FALSE,"cohort2","other",692,2.52614793029411,1.13475752287145,0.298155937561468,4.75413992302674
"late","party",FALSE,"cohort2","gap",692,-3.84666031450881,1.71834817819697,-7.22047886568423,-0.472841763333382
"late","candidate",FALSE,"paired","own",1611,-1.44542312475419,0.567611340741724,-2.5587584016298,-0.332087847878579
"late","candidate",FALSE,"paired","other",1611,-1.92890716562968,0.768967982557476,-3.43719130359348,-0.420623027665879
"late","candidate",FALSE,"paired","gap",1611,0.483484040875491,0.973196142888518,-1.42538126787823,2.39234934962921
"late","candidate",FALSE,"cohort2","own",692,-1.00252717641463,0.926310817284073,-2.82125324087655,0.816198888047286
"late","candidate",FALSE,"cohort2","other",692,-1.06519535237785,1.23876388552066,-3.49739426906137,1.36700356430566
"late","candidate",FALSE,"cohort2","gap",692,0.0626681759632218,1.4995057815133,-2.88147346393002,3.00680981585646
