"spec","leaners","measure","n","estimate","se","lower","upper"
"original",TRUE,"candidate",937,17.9123421690224,1.85581565852805,14.2702957648075,21.5543885732373
"original",TRUE,"party",937,-3.17218933698432,1.4805806380025,-6.07783536061158,-0.266543313357073
"original",TRUE,"difference",937,21.0845315060067,2.00981311643627,17.1402644123308,25.0287985996826
"original",FALSE,"candidate",714,19.0435285879516,2.13683646102211,14.848274570498,23.2387826054051
"original",FALSE,"party",714,-4.47661665831034,1.71025371886632,-7.83436018048277,-1.1188731361379
"original",FALSE,"difference",714,23.5201452462619,2.32211993374171,18.9611239272513,28.0791665652725
"late",TRUE,"candidate",2103,0.868810652925189,0.846866180865977,-0.791973312583842,2.52959461843422
"late",TRUE,"party",2103,-3.58365680595164,0.923675235088939,-5.39507052683591,-1.77224308506736
"late",TRUE,"difference",2103,4.45246745887682,1.01963227405326,2.45287298961657,6.45206192813706
"late",FALSE,"candidate",1610,0.492407675814133,0.973643954715867,-1.41733688278115,2.40215223440941
"late",FALSE,"party",1610,-3.51612419335106,1.08403520651232,-5.6423946096931,-1.38985377700902
"late",FALSE,"difference",1610,4.00853186916518,1.19516388299885,1.66428918051958,6.35277455781079
