"target","wave","n","estimate","se","lower","upper"
"party",1,931,43.1941917101798,1.73995433713421,39.7794950747367,46.6088883456229
"party",2,931,40.8152055168903,1.80669437547459,37.2695301657956,44.360880867985
"party",6,931,43.624600354781,1.77852910651268,40.1341999307968,47.1150007787653
"party",9,931,41.3272292025678,1.95724771523221,37.4860897856909,45.1683686194447
"party",10,931,40.1359629936462,1.95891498222707,36.2915515305573,43.980374456735
"candidate",1,929,18.1061393766622,1.82326161092891,14.5279404100926,21.6843383432318
"candidate",2,929,20.9016385643022,1.9150872398907,17.1432293806764,24.6600477479279
"candidate",6,929,30.201519220734,2.05962614782387,26.1594486207238,34.2435898207443
"candidate",9,929,33.3203999299257,2.39249930161867,28.6250569921622,38.0157428676893
"candidate",10,929,36.0561466871399,2.25322824490765,31.6341268688943,40.4781665053855
