"spec","target","leaners","status","n","estimate"
"original","party",TRUE,"all_baseline",1409,43.1893955551175
"original","party",TRUE,"retained",938,43.4919447340113
"original","party",TRUE,"not_retained",471,42.6721042483881
"original","candidate",TRUE,"all_baseline",1409,18.0287313859672
"original","candidate",TRUE,"retained",937,18.4793810701979
"original","candidate",TRUE,"not_retained",472,17.2602228768376
"original","party",FALSE,"all_baseline",1089,49.6441236142579
"original","party",FALSE,"retained",714,49.6895900979213
"original","party",FALSE,"not_retained",375,49.5688590284433
"original","candidate",FALSE,"all_baseline",1090,21.2388958952873
"original","candidate",FALSE,"retained",714,21.898610004413
"original","candidate",FALSE,"not_retained",376,20.1495339018574
"late","party",TRUE,"all_baseline",2282,46.5764243616304
"late","party",TRUE,"retained",2103,46.5607212793779
"late","party",TRUE,"not_retained",179,46.7310855148263
"late","candidate",TRUE,"all_baseline",2281,39.3972883471822
"late","candidate",TRUE,"retained",2104,39.5847736554807
"late","candidate",TRUE,"not_retained",177,37.5362961726794
"late","party",FALSE,"all_baseline",1755,50.9910246675275
"late","party",FALSE,"retained",1610,50.7585986726699
"late","party",FALSE,"not_retained",145,53.1796456326584
"late","candidate",FALSE,"all_baseline",1754,41.3477469368078
"late","candidate",FALSE,"retained",1611,41.4680125360088
"late","candidate",FALSE,"not_retained",143,40.2044493845584
